ï»¿Row ID,Order ID,Order Date,User ID,Segment,City,State,Country,Country latitude,Country longitude,Region,Market,Subcategory,Category,Product,Quantity,Sales,Discount,Profit,Product ID,Rating,Product Image URL,Unnamed: 22,Unnamed: 23,Unnamed: 24,Unnamed: 25,Unnamed: 26,Unnamed: 27
3200.0,MX-2015-PV1898518-42305,10/28/2023,PV-1898518,Self-Employed,Franca,SÃ£o Paulo,Brazil,-14.235004,-51.92528,South America,LATAM,face moisturizing products,Face care,LancÃ´me L'Absolu Rouge Cream Caprice Red,2.0,32.0,0.0,12.8,P1876,1.0,https://www.lancome.co.uk/dw/image/v2/AAQP_PRD/on/demandware.static/-/Sites-lac-master-catalog/en/dwf6ac1e79/images/pdp/00531-LAC/Lancome-Absolu-Rouge-Cream-1-3614273307963-openClosed.jpg?sw=1080&sh=1080&sm=cut&sfrm=png&q=70,,,,,,
39273.0,US-2013-SP20860140-41502,8/16/2021,SP-208601406,Corporate,Philadelphia,Pennsylvania,United States,37.09024,-95.712891,Eastern US,USCA,face moisturizing products,Face care,Maybelline Color Tattoo 24HR Eyeshadow Tough as Taupe,17.0,340.0,0.2,102,P2093,4.0,https://i.makeup.uk/x/xq/xqpmfils6vqz.jpg,,,,,,
6007.0,MX-2015-CS1184518-42195,7/10/2023,CS-1184518,Corporate,TaubatÃ©,SÃ£o Paulo,Brazil,-14.235004,-51.92528,South America,LATAM,face moisturizing products,Face care,Burt's Bees Almond & Milk Hand Cream,8.0,192.0,0.0,76.8,P0274,2.0,https://ec.nice-cdn.com/upload/image/product/large/default/almond-milk-beeswax-hand-cream-57-g-1971238-de.webp,,,,,,
40853.0,CA-2013-HP14815140-41611,12/3/2021,HP-148151406,Self-Employed,Concord,New Hampshire,United States,37.09024,-95.712891,Eastern US,USCA,face moisturizing products,Face care,Butter London Nail Lacquer Blagger Bold Blue,3.0,12.0,0.0,6,P0296,1.0,https://encrypted-tbn0.gstatic.com/images?q=tbn:ANd9GcT5u8esyilK5Ps6pPh-rjIPfvBjyDY0sp9J-Q&s,,,,,,
40415.0,CA-2015-NS18505140-42024,1/20/2023,NS-185051406,Consumer,Philadelphia,Pennsylvania,United States,37.09024,-95.712891,Eastern US,USCA,face moisturizing products,Face care,Glamglow Berryglow Probiotic Recovery Mask,4.0,36.0,0.2,7.2,P1199,2.0,https://cdn.notinoimg.com/social/glam-glow/889809005917_01-o/berryglow-probiotic-recovery-mask___200817.jpg,,,,,,
7024.0,MX-2015-IM1507051-42104,4/10/2023,IM-1507051,Consumer,Villa Nueva,Guatemala,Guatemala,15.783471,-90.230759,Central America,LATAM,face moisturizing products,Face care,Sally Hansen Insta-Dri ASAP Apple Bright Red,4.0,12.0,0.0,4.8,P2900,2.0,https://m.media-amazon.com/images/I/61Q9vuKMBxL.jpg,,,,,,
31711.0,CA-2015-KC16675140-42312,11/4/2023,KC-166751404,Corporate,Seattle,Washington,United States,37.09024,-95.712891,Western US,USCA,face moisturizing products,Face care,Urban Decay Eyeshadow Half Baked Golden Bronze,17.0,238.0,0.0,95.2,P3380,4.0,https://main.thgimages.com/?url=https://static.thcdn.com/productimg/original/13760628-1285234608454937.jpg&format=webp&width=1500&height=1500&fit=cover,,,,,,
5666.0,MX-2015-TT2126582-42329,11/21/2023,TT-2126582,Corporate,Mexico City,Distrito Federal,Mexico,23.634501,-102.552784,Central America,LATAM,face moisturizing products,Face care,Too Faced Natural Eyes Palette Push-Up,2.0,30.0,0.0,12,P3342,1.0,https://img01.ztat.net/article/spp-media-p1/34097c53a71c46d4a05bc20105514e35/0ac88807a1bb459288ce175cb53eb0ec.jpg?imwidth=1800&filter=packshot,,,,,,
24585.0,IN-2015-BT1148559-42291,10/14/2023,BT-1148559,Self-Employed,Balikpapan,Kalimantan Timur,Indonesia,-0.789275,113.921327,Southeastern Asia,Asia Pacific,face moisturizing products,Face care,Pure Encapsulations Omega-3 Fish Oil,4.0,100.0,0.47,-7,P2679,2.0,https://m.media-amazon.com/images/I/71wDS6CEVYL.jpg,,,,,,
36588.0,CA-2012-KT16465140-41159,9/7/2020,KT-164651402,Consumer,Houston,Texas,United States,37.09024,-95.712891,Central US,USCA,face moisturizing products,Face care,Bath & Body Works Feu de Bois Candle,6.0,72.0,0.2,21.6,P0170,2.0,https://www.bathandbodyworks.ca/dw/image/v2/BGFZ_PRD/on/demandware.static/-/Sites-bbw_ca-storefront-catalog/default/dwb45b24f2/hires/026703326.jpg?sw=1000&sh=1000&sm=fit,,,,,,
32658.0,CA-2015-HM14860140-42297,10/20/2023,HM-148601406,Corporate,Philadelphia,Pennsylvania,United States,37.09024,-95.712891,Eastern US,USCA,face moisturizing products,Face care,Anastasia Beverly Hills Modern Renaissance Eyeshadow Palette Primavera Shimmer Gold,3.0,27.0,0.2,5.4,P0037,1.0,https://static.thcdn.com/images/large/original//productimg/1600/1600/14881526-1465140353484656.jpg,,,,,,
33634.0,CA-2012-RH19495140-41143,8/22/2020,RH-194951406,Consumer,New York City,New York,United States,37.09024,-95.712891,Eastern US,USCA,face moisturizing products,Face care,Gold Bond Eczema Relief Hand Cream,4.0,128.0,0.0,64,P1219,2.0,https://pics.walgreens.com/prodimg/547775/900.jpg,,,,,,
35329.0,CA-2014-SN20710140-41909,9/27/2022,SN-207101404,Self-Employed,Covington,Washington,United States,37.09024,-95.712891,Western US,USCA,face moisturizing products,Face care,Schwarzkopf Got2b Metallics - Golden Rose,1.0,9.0,0.0,4.5,P2948,1.0,"https://m.media-amazon.com/images/I/51KMOocrv-L._BO30,255,255,255_UF900,850_SR1910,1000,0,C_ZA464,500,900,420,420,AmazonEmber,50,4,0,0_PIRIOFOUR-medium,BottomLeft,30,-20_QL100_.jpg",,,,,,
31715.0,CA-2015-VB21745140-42315,11/7/2023,VB-217451408,Corporate,Richmond,Kentucky,United States,37.09024,-95.712891,Southern US,USCA,face moisturizing products,Face care,Old Spice High Endurance Body Wash,17.0,187.0,0.0,74.8,P2520,4.0,https://i5.walmartimages.com/asr/41de5c94-278e-4c01-86b0-2d00017d88b8.9f6eb6ae817a7f530e5f5031a967d5ca.jpeg,,,,,,
473.0,MX-2015-MO1780051-42280,10/3/2023,MO-1780051,Self-Employed,Chinautla,Guatemala,Guatemala,15.783471,-90.230759,Central America,LATAM,face moisturizing products,Face care,MAC Born This Way Foundation,1.0,35.0,0.0,14,P1959,1.0,https://img01.ztat.net/article/spp-media-p1/cbf4f87e47eb419499f3d7df2609efd7/d9a178b5adfe44ecb510872dd6799b0b.jpg?imwidth=1800&filter=packshot,,,,,,
5255.0,MX-2014-AH1046593-42004,12/31/2022,AH-1046593,Consumer,LeÃ³n,LeÃ³n,Nicaragua,12.865416,-85.207229,Central America,LATAM,face moisturizing products,Face care,Burt's Bees Banana Hand Cream,5.0,165.0,0.0,82.5,P0279,2.0,https://m.media-amazon.com/images/I/714gQHbcxsL.jpg,,,,,,
43998.0,TU-2015-JH6180134-42342,12/4/2023,JH-6180134,Consumer,Istanbul,Istanbul,Turkey,38.963745,35.243322,Western Asia,Asia Pacific,face moisturizing products,Face care,Vaseline Intensive Care Anti-Bacterial Hand Cream,1.0,10.0,0.6,-2,P3419,1.0,"https://m.media-amazon.com/images/I/71RTmX1rA4L._AC_UF894,1000_QL80_.jpg",,,,,,
41681.0,CG-2012-NB865533-41273,12/30/2020,NB-865533,Corporate,Likasi,Katanga,Congo [DRC],-4.038333,21.758664,Central Africa,Africa,face moisturizing products,Face care,Garnier SkinActive Ultra-Lift Anti-Wrinkle Firming Night Cream,18.0,792.0,0.0,396,P1168,5.0,https://m.media-amazon.com/images/I/610BTZQULLL.jpg,,,,,,
7692.0,MX-2012-JH1543080-41038,5/9/2020,JH-1543080,Consumer,Fort-de-France,Martinique,Martinique,14.641528,-61.024174,Caribbean,LATAM,face moisturizing products,Face care,Crabtree & Evelyn Goatmilk & Oat Hand Therapy,5.0,155.0,0.0,77.5,P0697,2.0,https://cdn.cosmostore.org/cache/front/shop/products/187/478615/350x350.jpg,,,,,,
36427.0,CA-2012-DM13015140-41165,9/13/2020,DM-130151406,Consumer,New York City,New York,United States,37.09024,-95.712891,Eastern US,USCA,face moisturizing products,Face care,IT Cosmetics Heavenly Luxe Flat Top Buffing Foundation Brush,9.0,81.0,0.0,40.5,P1394,3.0,https://i1.perfumesclub.com/grande/171800.jpg,,,,,,
14635.0,ES-2015-CS12490139-42026,1/22/2023,CS-12490139,Corporate,Glasgow,Scotland,United Kingdom,55.378051,-3.435973,Northern Europe,Europe,face moisturizing products,Face care,Centrum Silver Multivitamin,1.0,50.0,0.0,20,P0412,1.0,https://i.ebayimg.com/images/g/kL8AAOSwcrFk4hEg/s-l1200.jpg,,,,,,
3453.0,US-2015-MO17500101-42333,11/25/2023,MO-17500101,Consumer,Chiclayo,Lambayeque,Peru,-9.189967,-75.015152,South America,LATAM,face moisturizing products,Face care,Neutrogena Clear Face Liquid Lotion Sunscreen SPF 55,3.0,93.0,0.4,0,P2306,1.0,"https://m.media-amazon.com/images/I/61i8dborPbL._AC_UF894,1000_QL80_.jpg",,,,,,
14628.0,ES-2014-SC2002044-41815,6/25/2022,SC-2002044,Consumer,Helsinki,Uusimaa,Finland,61.92411,25.748151,Northern Europe,Europe,face moisturizing products,Face care,Aveeno Positively Ageless Restructuring Treatment Cream,2.0,68.0,0.0,34,P0110,1.0,https://m.media-amazon.com/images/I/71k2aAsOheL.jpg,,,,,,
40737.0,CA-2012-BW11065140-41053,5/24/2020,BW-110651406,Consumer,New York City,New York,United States,37.09024,-95.712891,Eastern US,USCA,face moisturizing products,Face care,SmartyPants Prenatal Multivitamin,2.0,70.0,0.0,35,P3068,1.0,https://m.media-amazon.com/images/I/61R2YnszFQL.jpg,,,,,,
25642.0,ID-2014-JP1546059-41803,6/13/2022,JP-1546059,Corporate,Medan,Sumatera Utara,Indonesia,-0.789275,113.921327,Southeastern Asia,Asia Pacific,shampoos and conditioners,Hair care,Dolce & Gabbana Black Opium,20.0,1080.0,0.17,-21.6,P0782,5.0,https://m.media-amazon.com/images/I/61GoBXXF8iL.jpg,,,,,,
13413.0,ES-2013-FM1429048-41564,10/17/2021,FM-1429048,Self-Employed,Freiburg,Baden-WÃ¼rttemberg,Germany,51.165691,10.451526,Western Europe,Europe,hair colors and toners,Hair care,ELEMIS Frangipani Monoi Hand & Nail Cream,2.0,36.0,0.0,5.4,P0844,1.0,https://eu.elemis.com/media/catalog/product/cache/f0c0914432e862184ef64987174b8448/e/x/exotic_frangipani_monoi_shower_cream_50ml_primary_front-2024_11_06.jpg?auto=webp&optimize=high&format=jpg&crop=1:1&width=700,,,,,,
43332.0,RO-2015-LR7035107-42224,8/8/2023,LR-7035107,Corporate,Timisoara,Timis,Romania,45.943161,24.96676,Eastern Europe,Europe,shampoos and conditioners,Hair care,Huda Beauty Power Bullet Matte Joyride,4.0,48.0,0.0,7.2,P1380,2.0,https://media.douglas.at/medias/elSVZa039390-0-global.png?context=bWFzdGVyfGltYWdlc3w1MjQ2NTZ8aW1hZ2UvcG5nfGFHSmlMMmczTVM4Mk16UTFOVEE0T1RNNU16WTVOQzlsYkZOV1dtRXdNemt6T1RCZk1GOW5iRzlpWVd3dWNHNW58OTEyYmQzNGYyNzkxYzYxNTA0NWQ2YWY3NzA5MWUyY2QzYjE0NjdhYTYwNTM2ODJiYWI4ZDU1YWFkM2Y3ZGVhZg&grid=true&imPolicy=grayScaled,,,,,,
46331.0,SA-2013-JB6000110-41500,8/14/2021,JB-6000110,Consumer,Mecca,Makkah,Saudi Arabia,23.885942,45.079162,Western Asia,Asia Pacific,shampoos and conditioners,Hair care,Vaseline Hand Sanitizer Lotion,4.0,88.0,0.0,13.2,P3414,2.0,https://m.media-amazon.com/images/I/81eT-QvmBtL.jpg,,,,,,
19235.0,ES-2013-GG1465045-41433,6/8/2021,GG-1465045,Corporate,Bonneuil-sur-Marne,Ile-de-France,France,46.227638,2.213749,Western Europe,Europe,shampoos and conditioners,Hair care,Anastasia Beverly Hills Brow Definer Soft Brown,19.0,228.0,0.1,11.4,P0027,5.0,https://img01.ztat.net/article/spp-media-p1/2bbd784ffb064f3dbb1dba91de97dfe5/baee61e13988452fad7b2b20df371d20.jpg?imwidth=1800&filter=packshot,,,,,,
14079.0,ES-2012-FO1430545-41141,8/20/2020,FO-1430545,Consumer,Noisy-le-Grand,Ile-de-France,France,46.227638,2.213749,Western Europe,Europe,shampoos and conditioners,Hair care,Dial Spring Water Hydrating Body Wash,5.0,65.0,0.1,3.25,P0746,2.0,https://m.media-amazon.com/images/I/711+8wfOg0L.jpg,,,,,,
21501.0,IN-2015-JH161807-42140,5/16/2023,JH-161807,Consumer,Gold Coast,Queensland,Australia,-25.274398,133.775136,Oceania,Asia Pacific,shampoos and conditioners,Hair care,Madison Reed Radiant Hair Color Kit - Dark Cool Espresso Brown,1.0,10.0,0.1,0.5,P2008,1.0,https://m.media-amazon.com/images/I/81WK4R7QuXL.jpg,,,,,,
10375.0,ES-2015-CV12805139-42251,9/4/2023,CV-12805139,Corporate,Stourbridge,England,United Kingdom,55.378051,-3.435973,Northern Europe,Europe,shampoos and conditioners,Hair care,Aveeno Baby Daily Moisture Lotion,20.0,560.0,0.0,84,P0094,5.0,https://www.aveeno.co.uk/sites/aveeno_noe_2/files/product-images/aveeno_baby_daily_care_moisturising_lotion_150ml.jpg,,,,,,
50655.0,CG-2012-TB1162533-40954,2/15/2020,TB-1162533,Consumer,Kinshasa,Kinshasa,Congo [DRC],-4.038333,21.758664,Central Africa,Africa,hair colors and toners,Hair care,Eucerin DermoPURIFYER Oil Control Adjunctive Hydrating Care,1.0,37.0,0.0,5.55,P0958,1.0,https://images-1.eucerin.com/~/media/eucerin%20relaunch%20media/eucerin/local/me/products/dermo-purifyer/dermo-purifyer-oil-control-adjunctive-soothing-cream-eucerin-me-packshot.jpeg,,,,,,
20166.0,ES-2015-SD20485139-42354,12/16/2023,SD-20485139,Self-Employed,Exeter,England,United Kingdom,55.378051,-3.435973,Northern Europe,Europe,shampoos and conditioners,Hair care,Sterling Horizon Ring,2.0,88.0,0.0,13.2,P3142,1.0,https://dunejewelry.com/media/catalog/product/cache/8c3dfb7c02913a02de35b05251a585f9/l/u/luxe-horizon-ring-apatite-sand.jpg,,,,,,
30715.0,IN-2013-BB1099092-41338,3/5/2021,BB-1099092,Corporate,Christchurch,Canterbury,New Zealand,-40.900557,174.885971,Oceania,Asia Pacific,shampoos and conditioners,Hair care,Butter London Nail Lacquer Yummy Mummy Cool Beige,1.0,8.0,0.0,1.2,P0322,1.0,https://www.butterlondon.com/cdn/shop/products/yummy-mummy-mini-patent-shine-10x-nail-lacquer-615280.jpg?v=1698066732,,,,,,
43025.0,RS-2015-CC2370108-42178,6/23/2023,CC-2370108,Consumer,Chelyabinsk,Chelyabinsk,Russia,61.52401,105.318756,Eastern Europe,Europe,shampoos and conditioners,Hair care,Maybelline Plum for Me Rich Plum,8.0,64.0,0.0,9.6,P2107,2.0,"https://m.media-amazon.com/images/I/81eMuwHsaFL._AC_UF1000,1000_QL80_.jpg",,,,,,
40282.0,CA-2013-JG15115140-41611,12/3/2021,JG-151151408,Consumer,Jacksonville,North Carolina,United States,37.09024,-95.712891,Southern US,USCA,hair colors and toners,Hair care,Schwarzkopf Color Expert - Light Ash Brown,3.0,57.0,0.2,-2.85,P2939,1.0,https://duftfeeling.de/media/image/product/18086/md/schwarzkopf-color-expert-haarfarbe-6-0-natural-light-brown.jpg,,,,,,
18747.0,ES-2015-SV20815139-42328,11/20/2023,SV-20815139,Corporate,Manchester,England,United Kingdom,55.378051,-3.435973,Northern Europe,Europe,shampoos and conditioners,Hair care,L'OrÃ©al Infallible Le Rouge Ravishing Red,7.0,49.0,0.0,7.35,P1643,2.0,https://i5.walmartimages.com/seo/L-Oreal-Paris-Infallible-Le-Rouge-Lipstick-Ravishing-Red_a1755e40-9e41-4d34-b920-cd9af7b7b0b8_1.32a6181d92c7e2fc7e2d615afdd9446b.jpeg?odnHeight=768&odnWidth=768&odnBg=FFFFFF,,,,,,
42707.0,SG-2014-BS1665111-41734,4/5/2022,BS-1665111,Consumer,Dakar,Dakar,Senegal,14.497401,-14.452362,Western Africa,Africa,shampoos and conditioners,Hair care,New Chapter Magnesium Citrate,1.0,20.0,0.0,3,P2359,1.0,"https://images-na.ssl-images-amazon.com/images/I/61BGz3zVgyL._AC_UL210_SR210,210_.jpg",,,,,,
43241.0,SG-2014-TZ11445111-41710,3/12/2022,TZ-11445111,Corporate,Dakar,Dakar,Senegal,14.497401,-14.452362,Western Africa,Africa,shampoos and conditioners,Hair care,CeraVe Moisturizing Cream,15.0,345.0,0.0,51.75,P0442,4.0,https://static.beautytocare.com/media/catalog/product/c/e/cerave-moisturizing-cream-dry-to-very-dry-skin-170g_3.jpg,,,,,,
9197.0,MX-2012-AT1043531-41193,10/11/2020,AT-1043531,Self-Employed,GuantÃ¡namo,GuantÃ¡namo,Cuba,21.521757,-77.781167,Caribbean,LATAM,shampoos and conditioners,Hair care,Jo Malone Russian Leather Candle,2.0,10.0,0.0,1.5,P1477,1.0,https://cdn.basler-beauty.de/out/pictures/generated/product/1/980_980_100/1485571-JO-MALONE-LONDON-Peony-Blush-Suede-Home-Candle-200-g.0af3bdc1.jpg,,,,,,
30364.0,IN-2013-BS1175592-41591,11/13/2021,BS-1175592,Consumer,Hastings,Hawke's Bay,New Zealand,-40.900557,174.885971,Oceania,Asia Pacific,hair colors and toners,Hair care,TRESemmÃ© Smooth & Silky Shampoo,2.0,76.0,0.0,11.4,P3211,1.0,https://m.media-amazon.com/images/I/518nm3DbbLL.jpg,,,,,,
35613.0,CA-2013-AB10165140-41450,6/25/2021,AB-101651404,Consumer,Los Angeles,California,United States,37.09024,-95.712891,Western US,USCA,shampoos and conditioners,Hair care,Olay Fresh Outlast Birch Water & Lavender Body Wash,3.0,45.0,0.0,6.75,P2479,1.0,https://www.storkz.com/media/catalog/product/cache/1/image/9df78eab33525d08d6e5fb8d27136e95/0/3/037000743095.jpg,,,,,,
16454.0,ES-2014-AC1061564-41850,7/30/2022,AC-1061564,Corporate,Chioggia,Veneto,Italy,41.87194,12.56738,Southern Europe,Europe,shampoos and conditioners,Hair care,L'OrÃ©al Backstage Foundation,20.0,280.0,0.4,-70,P1615,5.0,https://i.makeupstore.at/z/zz/zzif6pfngz03.jpg,,,,,,
7411.0,MX-2013-MC1784528-41276,1/2/2021,MC-1784528,Consumer,Pitalito,Huila,Colombia,4.570868,-74.297333,South America,LATAM,shampoos and conditioners,Hair care,Sephora Collection PRO Domed Powder Brush #59,5.0,30.0,0.0,4.5,P2985,2.0,https://www.sephora.com/productimages/sku/s2290641-main-zoom.jpg?imwidth=315,,,,,,
50374.0,NI-2012-SP1086095-41090,6/30/2020,SP-1086095,Corporate,Ibadan,Oyo,Nigeria,9.081999,8.675277,Western Africa,Africa,hair colors and toners,Hair care,Aromatique Russian Leather Candle,2.0,8.0,0.7,-4.4,P0077,1.0,"https://m.media-amazon.com/images/I/81hp35jIQVL._AC_UF350,350_QL80_.jpg",,,,,,
50268.0,SA-2012-SW10755110-41251,12/8/2020,SW-10755110,Corporate,Al Hufuf,Ash Sharqiyah,Saudi Arabia,23.885942,45.079162,Western Asia,Asia Pacific,shampoos and conditioners,Hair care,MAC Eyeshadow Soft Brown Golden Peach,12.0,84.0,0.0,12.6,P1990,3.0,https://m.media-amazon.com/images/I/6189QDlbgQL.jpg,,,,,,
44706.0,SA-2014-SW10455110-41998,12/25/2022,SW-10455110,Consumer,Riyadh,Ar Riyad,Saudi Arabia,23.885942,45.079162,Western Asia,Asia Pacific,shampoos and conditioners,Hair care,Ahava Mineral Shower Gel,2.0,8.0,0.0,1.2,P0007,1.0,https://images.prod.ecom.mueller.de/_next/image/?url=https%3A%2F%2Fstatic.prod.ecom.mueller.de%2Fproducts%2F697045159635%2F6664429153-PUV-0.jpg&w=2880&q=75,,,,,,
20545.0,ID-2013-DR12940102-41444,6/19/2021,DR-12940102,Self-Employed,Manila,National Capital,Philippines,12.879721,121.774017,Southeastern Asia,Asia Pacific,shampoos and conditioners,Hair care,BareMinerals Blooming Blush Brush,4.0,32.0,0.45,-9.6,P0154,2.0,https://cdn.flaconi.at/media/catalog/product/b/a/bareminerals-blooming-blush-rougepinsel-nocolor-098132519347.jpg?r=1RSlS8,,,,,,
1112.0,MX-2013-RA1994551-41622,12/14/2021,RA-1994551,Consumer,Quetzaltenango,Quezaltenango,Guatemala,15.783471,-90.230759,Central America,LATAM,brushes and applicators,Home and Accessories,Vaseline Intensive Care Healing Serum,2.0,40.0,0.0,4,P3428,1.0,"https://m.media-amazon.com/images/I/71YxPPXs+fL._AC_UF1000,1000_QL80_.jpg",,,,,,
47664.0,IR-2014-LS694560-41650,1/11/2022,LS-694560,Corporate,Kerman,Kerman,Iran,32.427908,53.688046,Southern Asia,Asia Pacific,brushes and applicators,Home and Accessories,Kiehl's Ultra Facial Oil-Free Lotion,14.0,112.0,0.0,11.2,P1567,4.0,"https://m.media-amazon.com/images/I/71upSOPrkzL._AC_UF1000,1000_QL80_.jpg",,,,,,
44122.0,TU-2014-PK9075134-41822,7/2/2022,PK-9075134,Consumer,Istanbul,Istanbul,Turkey,38.963745,35.243322,Western Asia,Asia Pacific,Accessories,Home and Accessories,OPI Nail Lacquer My Chihuahua Bites Hot Red,4.0,40.0,0.6,-20,P2446,2.0,https://enails.eu/cdn/shop/products/opimychihuahuabites_720x.jpg?v=1658829593,,,,,,
20085.0,ES-2015-RF19735139-42188,7/3/2023,RF-19735139,Consumer,Leeds,England,United Kingdom,55.378051,-3.435973,Northern Europe,Europe,brushes and applicators,Home and Accessories,Palmer's Vitamin E Body Butter,2.0,50.0,0.0,5,P2617,1.0,https://me.palmers.com/3063-thickbox_default/vitamin-e-body-butter.jpg,,,,,,
21057.0,IN-2014-DK13090102-41998,12/25/2022,DK-13090102,Consumer,Manila,National Capital,Philippines,12.879721,121.774017,Southeastern Asia,Asia Pacific,"candles, sprays, diffusers",Home and Accessories,Dove Nutritive Solutions Oxygen Moisture Shampoo,2.0,58.0,0.35,-14.5,P0811,1.0,https://m.media-amazon.com/images/I/61iUnOykRjL.jpg,,,,,,
50514.0,MO-2014-TR1132586-41972,11/29/2022,TR-1132586,Consumer,Rabat,Rabat-SalÃ©-Zemmour-Zaer,Morocco,31.791702,-7.09262,North Africa,Africa,"candles, sprays, diffusers",Home and Accessories,Golden Blossom Pendant,1.0,49.0,0.0,4.9,P1263,1.0,https://i.etsystatic.com/8005259/r/il/971a46/4500940665/il_570xN.4500940665_l3bd.jpg,,,,,,
117.0,MX-2015-SS2041018-42336,11/28/2023,SS-2041018,Consumer,Curitiba,Parana,Brazil,-14.235004,-51.92528,South America,LATAM,brushes and applicators,Home and Accessories,Solgar CoQ10,5.0,120.0,0.0,12,P3113,2.0,https://m.media-amazon.com/images/I/71KlYPHi9NL.jpg,,,,,,
2875.0,MX-2014-SG2008031-41993,12/20/2022,SG-2008031,Consumer,Pinar del RÃ­o,Pinar del RÃ­o,Cuba,21.521757,-77.781167,Caribbean,LATAM,"candles, sprays, diffusers",Home and Accessories,Rose Gold Orbit Pendant,5.0,605.0,0.002,59.29,P2857,2.0,https://www.astridandmiyu.com/cdn/shop/products/AM22-Q4D1-N-ORB-CRYS-RG_3.jpg?v=1664960595&width=1536,,,,,,
51197.0,NI-2012-JH591095-41006,4/7/2020,JH-591095,Consumer,Owerri,Imo,Nigeria,9.081999,8.675277,Western Africa,Africa,"candles, sprays, diffusers",Home and Accessories,Neutrogena Deep Moisture Body Lotion,6.0,198.0,0.7,-118.8,P2310,2.0,"https://www.easypara.com/media/catalog/product/1/3/134574.jpg?optimize=medium&bg-color=255,255,255&fit=bounds&height=700&width=700&canvas=700:700",,,,,,
23976.0,IN-2013-SC202607-41416,5/22/2021,SC-202607,Corporate,Dubbo,New South Wales,Australia,-25.274398,133.775136,Oceania,Asia Pacific,brushes and applicators,Home and Accessories,Wella Color Charm Demi-Permanent Hair Color - Medium Red Blonde,2.0,36.0,0.1,0,P3483,1.0,https://www.wella.com/professional/m/_enus/products/color_charm/Demi_Permanent_Color/demi-permanent-color-carousel-1_m.jpg,,,,,,
5381.0,MX-2014-MC1810082-41814,6/24/2022,MC-1810082,Consumer,Tlaquepaque,Jalisco,Mexico,23.634501,-102.552784,Central America,LATAM,Accessories,Home and Accessories,Clarins Hand and Nail Treatment Cream,5.0,40.0,0.0,4,P0619,2.0,https://www.clarins.at/dw/image/v2/AAFS_PRD/on/demandware.static/-/Sites-clarins-master-products/de_AT/dw71f93ef7/original/80078438_original_original_J.jpg?sw=680&sh=680,,,,,,
29752.0,IN-2014-JR1621058-41850,7/30/2022,JR-1621058,Corporate,Srinagar,Jammu and Kashmir,India,20.593684,78.96288,Southern Asia,Asia Pacific,brushes and applicators,Home and Accessories,Giorgio Armani Her Eau de Parfum,2.0,226.0,0.0,22.6,P1185,1.0,https://images.prod.ecom.mueller.de/_next/image/?url=https%3A%2F%2Fstatic.prod.ecom.mueller.de%2Fproducts%2F3605522041004%2F3605522041004_1_08012025.jpg&w=2880&q=75,,,,,,
34196.0,CA-2013-PG18895140-41529,9/12/2021,PG-188951406,Consumer,New York City,New York,United States,37.09024,-95.712891,Eastern US,USCA,"candles, sprays, diffusers",Home and Accessories,Urban Decay Eyeshadow Smog Deep Coppery Bronze,2.0,14.0,0.2,-1.4,P3389,1.0,https://dy6g3i6a1660s.cloudfront.net/rdzzahPUImXSzricIqk29gPoA-g/p_550x550-97/urban-decay-eyeshadows-laced.jpg,,,,,,
34109.0,CA-2013-MP18175140-41594,11/16/2021,MP-181751402,Self-Employed,Milwaukee,Wisconsin,United States,37.09024,-95.712891,Central US,USCA,fragrances,Home and Accessories,Kiehl's Ultra Facial Oil-Free Gel Cream,3.0,87.0,0.0,8.7,P1566,1.0,https://www.my-origines.com/on/demandware.static/-/Sites-size-master/default/dw3eb58b3d/images/P5301X09_S1.jpg,,,,,,
37615.0,CA-2015-EB13750140-42334,11/26/2023,EB-137501404,Corporate,Laguna Niguel,California,United States,37.09024,-95.712891,Western US,USCA,brushes and applicators,Home and Accessories,Centrum Calcium Gummies,4.0,104.0,0.2,-10.4,P0406,2.0,"https://m.media-amazon.com/images/I/71FN8k8GQPL._AC_UF1000,1000_QL80_.jpg",,,,,,
13458.0,IT-2012-AI10855120-41264,12/21/2020,AI-10855120,Consumer,Elda,Valenciana,Spain,40.463667,-3.74922,Southern Europe,Europe,brushes and applicators,Home and Accessories,China Glaze Nail Lacquer Fairy Dust Shimmering Silver,2.0,16.0,0.1,0,P0530,1.0,"https://m.media-amazon.com/images/I/71uV-rXACiL._AC_UF1000,1000_QL80_.jpg",,,,,,
45540.0,TU-2013-JS5595134-41551,10/4/2021,JS-5595134,Corporate,Istanbul,Istanbul,Turkey,38.963745,35.243322,Western Asia,Asia Pacific,"candles, sprays, diffusers",Home and Accessories,Redken High Rise Volume Lifting Conditioner,7.0,91.0,0.6,-45.5,P2744,2.0,https://www.navidihaircompany.co.uk/cdn/shop/products/redken-high-rise-volume-conditioner-624432.jpg?v=1612381707,,,,,,
867.0,MX-2012-BD1150093-41041,5/12/2020,BD-1150093,Consumer,Chinandega,Chinandega,Nicaragua,12.865416,-85.207229,Central America,LATAM,"bath oils, bubbles and soaks",Body care,Maison Margiela Feu de Bois Candle,3.0,45.0,0.0,22.5,P2020,1.0,https://caitlinwilson.com/cdn/shop/files/L_Esprit.jpg?v=1719593432&width=2000,,,,,,
43522.0,KZ-2012-JM553568-41023,4/24/2020,JM-553568,Consumer,Astana,Astana,Kazakhstan,48.019573,66.923684,Central Asia,Asia Pacific,"bath oils, bubbles and soaks",Body care,NARS Larger Than Life Long-Wear Eyeliner Barrow Street Seafoam Green,2.0,38.0,0.7,-7.6,P2187,1.0,https://www.temptalia.com/wp-content/uploads/2013/04/nars_barrowstreet003.jpg,,,,,,
22774.0,ID-2012-MP1796559-40936,1/28/2020,MP-1796559,Corporate,Semarang,Jawa Tengah,Indonesia,-0.789275,113.921327,Southeastern Asia,Asia Pacific,"bath oils, bubbles and soaks",Body care,La Mer The Hand Treatment,11.0,275.0,0.47,8.25,P1826,3.0,https://hicos4u.com/wp-content/uploads/2023/05/la-mer-the-hand-treatment-100ml_14789741_44907245_2048.jpg,,,,,,
3471.0,MX-2012-RD1993055-40978,3/10/2020,RD-1993055,Consumer,San Pedro Sula,CortÃ©s,Honduras,15.199999,-86.241905,Central America,LATAM,"bath oils, bubbles and soaks",Body care,Rose Gold Serenity Necklace,5.0,615.0,0.4,61.5,P2860,2.0,https://dearme.id/wp-content/uploads/2022/08/Serenity-4-scaled.jpg,,,,,,
3767.0,MX-2012-AM1070582-41031,5/2/2020,AM-1070582,Consumer,Puebla,Puebla,Mexico,23.634501,-102.552784,Central America,LATAM,"bath oils, bubbles and soaks",Body care,Soap & Glory Hand Food Hydrating Hand Cream with Shea Butter,7.0,140.0,0.0,70,P3097,2.0,https://i5.walmartimages.com/asr/5e974133-25ae-4f32-8285-e27d78c991d8.894506be688bc44c9b5207a7c124c454.jpeg,,,,,,
26832.0,IN-2012-BM1157527-41001,4/2/2020,BM-1157527,Corporate,Ningbo,Zhejiang,China,35.86166,104.195397,Eastern Asia,Asia Pacific,"bath oils, bubbles and soaks",Body care,ELEMIS Jasmine & Rose Hand & Nail Cream,12.0,252.0,0.0,126,P0846,3.0,https://cdn.cosmostore.org/cache/front/shop/products/116/278824/350x350.jpg,,,,,,
5699.0,US-2012-MJ1774055-41025,4/26/2020,MJ-1774055,Consumer,Choloma,CortÃ©s,Honduras,15.199999,-86.241905,Central America,LATAM,"bath oils, bubbles and soaks",Body care,L'Occitane Almond Shower Oil,5.0,25.0,0.4,2.5,P1592,2.0,https://cdn.cosmostore.org/cache/front/shop/products/575/1770726/350x350.jpg,,,,,,
19634.0,IT-2012-NC1862591-41025,4/26/2020,NC-1862591,Corporate,Nijmegen,Gelderland,Netherlands,52.132633,5.291266,Western Europe,Europe,"bath oils, bubbles and soaks",Body care,Eucerin Redness Relief Soothing Cleanser,4.0,48.0,0.5,0,P0987,2.0,https://media.allure.com/photos/57e536be7b47312c0ad83873/1:1/w_360%2Cc_limit/eucerin-redness-relief-soothing-cleanser.jpg,,,,,,
590.0,US-2012-JB15400101-40999,3/31/2020,JB-15400101,Corporate,Lima,Lima (city),Peru,-9.189967,-75.015152,South America,LATAM,"bath oils, bubbles and soaks",Body care,Sally Hansen Insta-Dri ASAP Apple Bright Red,8.0,24.0,0.4,2.4,P2900,2.0,https://m.media-amazon.com/images/I/61Q9vuKMBxL._AC_UF10001000_QL80_.jpg,,,,,,
12272.0,ES-2012-DP1339045-41046,5/17/2020,DP-1339045,Self-Employed,Argenteuil,Ile-de-France,France,46.227638,2.213749,Western Europe,Europe,"bath oils, bubbles and soaks",Body care,OPI Nail Lacquer Bubble Bath Pale Pink,4.0,20.0,0.0,10,P2431,2.0,"https://res.cloudinary.com/powerreviews/image/upload/f_auto,q_auto,h_768,w_auto/d_portal-no-product-image_ttlfpi.svg/prod/ssn67kllzrcjmapctg3g.jpg",,,,,,
39136.0,US-2012-CV12295140-40995,3/27/2020,CV-122951402,Consumer,Des Moines,Iowa,United States,37.09024,-95.712891,Central US,USCA,"bath oils, bubbles and soaks",Body care,Garden of Life Magnesium Citrate,3.0,144.0,0.0,72,P1053,1.0,https://ir.ozone.ru/s3/multimedia-i/c1000/6615674190.jpg,,,,,,
26926.0,IN-2012-LH1715559-40968,2/29/2020,LH-1715559,Consumer,Palembang,Sumatera Selatan,Indonesia,-0.789275,113.921327,Southeastern Asia,Asia Pacific,"bath oils, bubbles and soaks",Body care,L'OrÃ©al Paris EverCurl Sulfate-Free HydraCharge Conditioner,9.0,99.0,0.47,2.97,P1723,3.0,https://m.media-amazon.com/images/I/810Hme-rFHL.jpg,,,,,,
29197.0,IN-2012-SC20095127-41040,5/11/2020,SC-20095127,Consumer,Taipei,Taipei City,Taiwan,23.69781,120.960515,Eastern Asia,Asia Pacific,"bath oils, bubbles and soaks",Body care,Illume Russian Leather Candle,2.0,36.0,0.0,18,P1410,1.0,https://www.belleandblush.com/cdn/shop/products/e70_pdp02_1080x1080_3_jpg_large@2x.progressive.jpg?v=1571673174,,,,,,
20647.0,ID-2012-CM12715118-41007,4/8/2020,CM-12715118,Corporate,Seoul,Seoul,South Korea,35.907757,127.766922,Eastern Asia,Asia Pacific,"bath oils, bubbles and soaks",Body care,WoodWick Eucalyptus Spearmint Candle,18.0,324.0,0.5,0,P3519,5.0,https://i.etsystatic.com/33829594/r/il/d58d0f/4844182635/il_fullxfull.4844182635_ns87.jpg,,,,,,
12778.0,ES-2012-JL15235120-40976,3/8/2020,JL-15235120,Consumer,Madrid,Madrid,Spain,40.463667,-3.74922,Southern Europe,Europe,"bath oils, bubbles and soaks",Body care,Clinique All About Eyes Serum,2.0,44.0,0.0,22,P0633,1.0,https://www.letu.ru/common/img/pim/2025/01/EX_b01d3d03-7206-4c09-b323-d78f55c11aa8.jpg,,,,,,
3881.0,MX-2012-BD1163531-41010,4/11/2020,BD-1163531,Consumer,Manzanillo,Granma,Cuba,21.521757,-77.781167,Caribbean,LATAM,"bath oils, bubbles and soaks",Body care,Butter London Nail Lacquer Shag Metallic Copper,7.0,56.0,0.0,28,P0314,2.0,https://www.eskincarestore.com/productcart/pc/catalog/theoldbill_1407_detail.jpg,,,,,,
22106.0,IN-2012-PS1904527-41014,4/15/2020,PS-1904527,Self-Employed,Jieyang,Guangdong,China,35.86166,104.195397,Eastern Asia,Asia Pacific,"bath oils, bubbles and soaks",Body care,Archipelago Cedar Stack Candle,4.0,44.0,0.0,22,P0053,2.0,https://cdn.clothbase.com/uploads/e5bbc903-30ae-4ae4-a5e6-f33a9632223d/01-04-2021_BB_BS-9CS_m1_1.jpg,,,,,,
42297.0,IR-2012-AR82560-41024,4/25/2020,AR-82560,Corporate,Mashhad,Razavi Khorasan,Iran,32.427908,53.688046,Southern Asia,Asia Pacific,"bath oils, bubbles and soaks",Body care,OGX Anti-Breakage Keratin Oil Shampoo,12.0,420.0,0.0,210,P2404,3.0,https://i.makeupstore.uz/6/6i/6igz4hsxfjo1.jpg,,,,,,
41522.0,MO-2012-LR703586-41023,4/24/2020,LR-703586,Corporate,Marrakech,Marrakech-Tensift-El Haouz,Morocco,31.791702,-7.09262,North Africa,Africa,"bath oils, bubbles and soaks",Body care,L'OrÃ©al Paris Excellence Creme - Medium Auburn Brown,5.0,95.0,0.0,47.5,P1746,2.0,https://m.media-amazon.com/images/I/91yTg6lguuL._AC_UF1000,,,,,,
8343.0,MX-2012-RD1993051-40973,3/5/2020,RD-1993051,Consumer,Villa Nueva,Guatemala,Guatemala,15.783471,-90.230759,Central America,LATAM,"bath oils, bubbles and soaks",Body care,Le Petit Marseillais Cotton Milk & Poppy Shower Cream,5.0,50.0,0.0,25,P1910,2.0,https://m.media-amazon.com/images/I/81Od5kRWGPL._AC_UF10001000_QL80_.jpg,,,,,,
7850.0,US-2012-CC1222055-40970,3/2/2020,CC-1222055,Consumer,San Pedro Sula,CortÃ©s,Honduras,15.199999,-86.241905,Central America,LATAM,"bath oils, bubbles and soaks",Body care,Capri Blue Russian Leather Candle,1.0,7.0,0.4,0.7,P0379,1.0,https://candleculture.blog/wp-content/uploads/2024/05/IMG_9992-scaled.jpg,,,,,,
27882.0,IN-2012-DK1298558-40985,3/17/2020,DK-1298558,Consumer,Meerut,Uttar Pradesh,India,20.593684,78.96288,Southern Asia,Asia Pacific,"bath oils, bubbles and soaks",Body care,Rose Gold Embrace Ring,3.0,165.0,0.0,82.5,P2843,1.0,https://assets.ajio.com/medias/sys_master/root/20211222/NeMh/61c223cbaeb269011015e6ac/-473Wx593H-469083580-rosegold-MODEL.jpg,,,,,,
21907.0,IN-2012-BM1157527-40981,3/13/2020,BM-1157527,Corporate,Beijing,Beijing,China,35.86166,104.195397,Eastern Asia,Asia Pacific,"bath oils, bubbles and soaks",Body care,Neutrogena Rapid Wrinkle Repair Night Moisturizer,15.0,630.0,0.0,315,P2345,4.0,https://images.prom.ua/2103315780_w600_h600_2103315780.jpg,,,,,,
17307.0,ES-2012-HK14890125-40979,3/11/2020,HK-14890125,Corporate,Basel,Basel-Stadt,Switzerland,46.818188,8.227512,Western Europe,Europe,"bath oils, bubbles and soaks",Body care,Clinique Turnaround Overnight Revitalizing Moisturizer,18.0,900.0,0.0,450,P0686,5.0,https://cms.brnstc.de/product_images/680x930_retina/cpro/media/images/product/21/6/192333099810_0_1623772034030.jpg,,,,,,
5643.0,MX-2012-JK1612082-40995,3/27/2020,JK-1612082,Self-Employed,CoyoacÃ¡n,Distrito Federal,Mexico,23.634501,-102.552784,Central America,LATAM,"bath oils, bubbles and soaks",Body care,NOW Foods Omega-3 Fish Oil,2.0,92.0,0.0,46,P2224,1.0,https://images.uzum.uz/clvh9nj2psag1e8tr1r0/original.jpg,,,,,,
25614.0,IN-2012-TS2150559-40990,3/22/2020,TS-2150559,Consumer,Jakarta,Jakarta,Indonesia,-0.789275,113.921327,Southeastern Asia,Asia Pacific,"bath oils, bubbles and soaks",Body care,Aveeno Sheer Hydration Daily Moisturizing Lotion,2.0,34.0,0.47,1.02,P0125,1.0,https://static.thcdn.com/images/large/original//productimg/1600/1600/14302212-1165054766476877.jpg,,,,,,
36761.0,CA-2012-TS21340140-40928,1/20/2020,TS-213401404,Consumer,Scottsdale,Arizona,United States,37.09024,-95.712891,Western US,USCA,"bath oils, bubbles and soaks",Body care,Jo Malone Gentleman,5.0,305.0,0.2,91.5,P1463,2.0,https://www.jomalone.com.sg/media/export/cms/gnav/25C06_MA_Nav_Fathers-Day.jpeg,,,,,,
9067.0,MX-2012-AW1093031-40912,1/4/2020,AW-1093031,Self-Employed,Santiago de Cuba,Santiago de Cuba,Cuba,21.521757,-77.781167,Caribbean,LATAM,"bath oils, bubbles and soaks",Body care,Golden Vine Bracelet,1.0,151.0,0.0,75.5,P1288,1.0,https://www.bestwatches.su/files/iblock/9a6/a3a/1000_1000.jpg,,,,,,
55.0,US-2012-DW1348055-41000,4/1/2020,DW-1348055,Self-Employed,Tegucigalpa,Francisco MorazÃ¡n,Honduras,15.199999,-86.241905,Central America,LATAM,"bath oils, bubbles and soaks",Body care,Tarte Airbrush Finish Bamboo Foundation Brush,4.0,32.0,0.4,3.2,P3212,2.0,https://images-na.ssl-images-amazon.com/images/I/61S9pwAbtxL.jpg,,,,,,
23352.0,IN-2012-SV2078559-41011,4/12/2020,SV-2078559,Consumer,Surabaya,Jawa Timur,Indonesia,-0.789275,113.921327,Southeastern Asia,Asia Pacific,"bath oils, bubbles and soaks",Body care,Fenty Beauty Gloss Bomb Universal Lip Luminizer Hot Chocolit,1.0,8.0,0.47,0.24,P1013,1.0,https://m.media-amazon.com/images/I/51faBJAqosL.jpg,,,,,,
49099.0,MZ-2012-CS250587-41020,4/21/2020,CS-250587,Consumer,Quelimane,Zambezia,Mozambique,-18.665695,35.529562,Eastern Africa,Africa,"bath oils, bubbles and soaks",Body care,L'OrÃ©al Paris Pure-Sugar Grapeseed Scrub,1.0,18.0,0.0,9,P1789,1.0,https://m.media-amazon.com/images/I/819vUF1nq0L._AC_UF1000,,,,,,
49946.0,MO-2012-BD177086-40939,1/31/2020,BD-177086,Consumer,Marrakech,Marrakech-Tensift-El Haouz,Morocco,31.791702,-7.09262,North Africa,Africa,"bath oils, bubbles and soaks",Body care,Bliss Grapefruit & Aloe Hand Cream,1.0,28.0,0.0,14,P0208,1.0,https://images-na.ssl-images-amazon.com/images/I/71jxVaa0gML._SL160_.jpg,,,,,,
20743.0,IN-2012-EA1403527-40960,2/21/2020,EA-1403527,Corporate,Tangshan,Hebei,China,35.86166,104.195397,Eastern Asia,Asia Pacific,"bath oils, bubbles and soaks",Body care,BioSchwartz Melatonin,12.0,324.0,0.0,162,P0200,3.0,https://m.media-amazon.com/images/I/7145Hr4ggGL.jpg,,,,,,
25052.0,IN-2012-MT1781527-40996,3/28/2020,MT-1781527,Consumer,Chifeng,Inner Mongolia,China,35.86166,104.195397,Eastern Asia,Asia Pacific,"bath oils, bubbles and soaks",Body care,One A Day Elderberry Gummies,1.0,42.0,0.0,21,P2530,1.0,https://m.media-amazon.com/images/I/611K2I2H4OL._AC_UF10001000_QL80_.jpg,,,,,,
9909.0,MX-2012-BW1106518-41002,4/3/2020,BW-1106518,Consumer,Limeira,SÃ£o Paulo,Brazil,-14.235004,-51.92528,South America,LATAM,"bath oils, bubbles and soaks",Body care,Revlon Nail Enamel Elegant Nude Beige,4.0,44.0,0.0,22,P2791,2.0,https://www.solippy.co.uk/wp-content/uploads/2023/08/Revlon-Nail-Enamel-14.7ml-380-Elegant.jpg,,,,,,
42174.0,ZA-2012-CS2460147-41040,5/11/2020,CS-2460147,Consumer,Bulawayo,Bulawayo,Zimbabwe,-19.015438,29.154857,Eastern Africa,Africa,"bath oils, bubbles and soaks",Body care,Garnier Nutrisse Ultra Color - Deep Intense Auburn,1.0,20.0,0.7,-4,P1102,1.0,https://media.douglas.at/medias/https-media-prod-eu-1.mirakl.net-SOURCE-93b79d8b8f54419ab5f299f920b44039.jpg?context=bWFzdGVyfGltYWdlc3wyNjY0NzV8aW1hZ2UvanBlZ3xhREk1TDJoaFpDODBPRGd6TmpBMU5EUTFNREl3Tmk5b2RIUndjem92TDIxbFpHbGhMWEJ5YjJRdFpYVXRNUzV0YVhKaGEyd3VibVYwTDFOUFZWSkRSUzg1TTJJM09XUTRZamhtTlRRME1UbGhZalZtTWprNVpqa3lNR0kwTkRBek9RfGMyZDY3N2I5ZTYwYzc0ZmFiODRkZjc0ZTUxMjI2OGNiMWQxYzY5N2E2YTYxZjA2NzUyZmIxMGU1ZTZiMDI5NDc&grid=true&imPolicy=grayScaled,,,,,,
27099.0,IN-2012-RE194057-41051,5/22/2020,RE-194057,Consumer,Newcastle,New South Wales,Australia,-25.274398,133.775136,Oceania,Asia Pacific,"bath oils, bubbles and soaks",Body care,NYX Hot Singles Eyeshadow Chandelier Warm Peach,1.0,12.0,0.1,4.8,P2230,1.0,https://cdn.notinoimg.com/social/clarins/_338081017757201-o/sos-hydra-refreshing-hydration-mask___210830.jpg,,,,,,
10049.0,US-2012-DW1348018-41000,4/1/2020,DW-1348018,Self-Employed,Limoeiro do Norte,CearÃ¡,Brazil,-14.235004,-51.92528,South America,LATAM,"bath oils, bubbles and soaks",Body care,Revlon Colorsilk - Ultra Light Sun Blonde,2.0,40.0,0.6,-4,P2781,1.0,https://images-cdn.ubuy.co.in/635f0b29d95bdb532a708254-revlon-colorsilk-beautiful-color-05.jpg,,,,,,
46223.0,RS-2012-PG8895108-40998,3/30/2020,PG-8895108,Consumer,Yaroslavl',Yaroslavl',Russia,61.52401,105.318756,Eastern Europe,Europe,"bath oils, bubbles and soaks",Body care,Neal's Yard Remedies Aromatic Foaming Bath,1.0,10.0,0.0,5,P2281,1.0,https://www.feelunique.com/img/products/81885/alternative/Neal__039_s_Yard_Remedies_Aromatic_Foaming_Bath_200ml_1_1505985132_main.jpg,,,,,,
1456.0,MX-2012-SO2033531-41020,4/21/2020,SO-2033531,Consumer,CamagÃ¼ey,CamagÃ¼ey,Cuba,21.521757,-77.781167,Caribbean,LATAM,"bath oils, bubbles and soaks",Body care,OGX Hydrate & Repair Argan Oil of Morocco Conditioner,2.0,8.0,0.0,4,P2411,1.0,https://i.makeup.kz/b/bw/bwblpcwkbrgq.jpg,,,,,,
8291.0,MX-2012-QJ1925582-40949,2/10/2020,QJ-1925582,Corporate,Monclova,Coahuila,Mexico,23.634501,-102.552784,Central America,LATAM,"bath oils, bubbles and soaks",Body care,Silver Feather Earrings,2.0,148.0,0.0,74,P3027,1.0,https://www.theopal.co.uk/pub/media/catalog/product/cache/04e91a25fcd255e66ccc0280ce20a194/s/l/slerd1064_2.jpg,,,,,,
7084.0,MX-2012-PG1889551-40974,3/6/2020,PG-1889551,Consumer,Mixco,Guatemala,Guatemala,15.783471,-90.230759,Central America,LATAM,"bath oils, bubbles and soaks",Body care,CeraVe Daily Moisturizing Lotion for Normal to Dry Skin,2.0,50.0,0.0,25,P0420,1.0,https://cosmetis.com/media/catalog/product/cache/8357f3cfca25f65dc286e017d4e3bdcd/6/0/6031955-cerave_moisturizing_lotion_1l.jpg,,,,,,
17352.0,ES-2012-TB21520120-41035,5/6/2020,TB-21520120,Consumer,Alcobendas,Madrid,Spain,40.463667,-3.74922,Southern Europe,Europe,"bath oils, bubbles and soaks",Body care,BareMinerals Perfecting Face Brush,2.0,6.0,0.0,3,P0163,1.0,https://m.media-amazon.com/images/I/31VoXonxaeL._AC_UF894,,,,,,
42636.0,CG-2012-CL189033-41002,4/3/2020,CL-189033,Consumer,Kinshasa,Kinshasa,Congo [DRC],-4.038333,21.758664,Central Africa,Africa,"bath oils, bubbles and soaks",Body care,Too Faced Glitter Bomb Eyeshadow Palette Splash,2.0,32.0,0.0,16,P3328,1.0,https://www.makeupandbeautyblog.com/wp-content/uploads/2017/07/too-faced-glitter-bomb-palette-1.jpg,,,,,,
43580.0,RS-2012-DH3675108-41011,4/12/2020,DH-3675108,Self-Employed,Ufa,Bashkortostan,Russia,61.52401,105.318756,Eastern Europe,Europe,"bath oils, bubbles and soaks",Body care,Trapp Volcano Candle,2.0,36.0,0.0,18,P3361,1.0,https://m.media-amazon.com/images/I/61WX4Y9wv+L._AC_UF1000,,,,,,
29127.0,ID-2012-DB1336059-40935,1/27/2020,DB-1336059,Self-Employed,Samarinda,Kalimantan Timur,Indonesia,-0.789275,113.921327,Southeastern Asia,Asia Pacific,"bath oils, bubbles and soaks",Body care,Clarins Relax Bath & Shower Concentrate,3.0,48.0,0.47,1.44,P0622,1.0,https://cdn.shopify.com/s/files/1/0853/1863/1748/files/Clarins-Relaxing-Bath-Shower-Concentrate-1.jpg,,,,,,
20995.0,IN-2012-JR1567027-41031,5/2/2020,JR-1567027,Consumer,Baotou,Inner Mongolia,China,35.86166,104.195397,Eastern Asia,Asia Pacific,"bath oils, bubbles and soaks",Body care,John Frieda Precision Foam Colour - Medium Natural Blonde,3.0,57.0,0.0,28.5,P1494,1.0,https://pics.walgreens.com/prodimg/338540/4_450.jpg,,,,,,
24652.0,IN-2012-MV1819058-40988,3/20/2020,MV-1819058,Consumer,Nellore,Andhra Pradesh,India,20.593684,78.96288,Southern Asia,Asia Pacific,"bath oils, bubbles and soaks",Body care,Aromatique Black Forest Candle,2.0,6.0,0.0,3,P0071,1.0,https://m.media-amazon.com/images/I/51TSGZZQNdL.jpg,,,,,,
47184.0,AU-2012-LR70358-40995,3/27/2020,LR-70358,Corporate,Vienna,Vienna,Austria,47.516231,14.550072,Western Europe,Europe,"bath oils, bubbles and soaks",Body care,Aveeno Clear Complexion BB Cream,15.0,390.0,0.0,195,P0098,4.0,https://blushingnoir.com/wp-content/uploads/2013/03/IMG_7440.jpg,,,,,,
26662.0,ID-2012-PB1921059-41040,5/11/2020,PB-1921059,Corporate,Medan,Sumatera Utara,Indonesia,-0.789275,113.921327,Southeastern Asia,Asia Pacific,"bath oils, bubbles and soaks",Body care,Sigma Beauty E65 Small Angle Brush,1.0,6.0,0.47,0.18,P3001,1.0,https://www.itcosmetics.com/dw/image/v2/AANG_PRD/on/demandware.static/-/Sites-itcosmetics-master-catalog/default/dw91200043/product-images/2019/052219/it-cosmetics-brushes-heavenly-luxe-mega-fan-brush-9.jpg,,,,,,
9313.0,MX-2012-ED1388551-40956,2/17/2020,ED-1388551,Self-Employed,Mixco,Guatemala,Guatemala,15.783471,-90.230759,Central America,LATAM,"bath oils, bubbles and soaks",Body care,Butter London Nail Lacquer Blagger Bold Blue,4.0,16.0,0.0,8,P0296,2.0,https://i.pinimg.com/736x/20/55/3b/20553bf4c795c15f427048773bae53ed.jpg,,,,,,
50948.0,IR-2012-JL583560-40992,3/24/2020,JL-583560,Consumer,Zanjan,Zanjan,Iran,32.427908,53.688046,Southern Asia,Asia Pacific,"bath oils, bubbles and soaks",Body care,John Frieda Precision Foam Colour - Dark Cool Espresso Brown,1.0,8.0,0.0,4,P1483,1.0,https://m.media-amazon.com/images/I/41gddY5JiIL._AC_.jpg,,,,,,
25221.0,IN-2012-TH211151-41003,4/4/2020,TH-211151,Corporate,Jalalabad,Nangarhar,Afghanistan,33.93911,67.709953,Southern Asia,Asia Pacific,"bath oils, bubbles and soaks",Body care,Soap & Glory Endless Glove Moisturizing Hand Cream,13.0,416.0,0.0,208,P3094,4.0,https://fiixii.co.uk/wp-content/uploads/2020/02/soap-and-glory-endless-glove-hand-cream-and-moisture-mask-review-sensitive-skin.jpg,,,,,,
8289.0,MX-2012-QJ1925582-40949,2/10/2020,QJ-1925582,Corporate,Monclova,Coahuila,Mexico,23.634501,-102.552784,Central America,LATAM,"bath oils, bubbles and soaks",Body care,Maybelline Lasting Drama Gel Eyeliner Charcoal,19.0,190.0,0.0,95,P2101,5.0,https://judiapril.com/2672-medium_default/maybelline-eyestudio-lasting-drama-gel-eyeliner.jpg,,,,,,
24072.0,IN-2012-KM1666027-40914,1/6/2020,KM-1666027,Consumer,Huadian,Jilin,China,35.86166,104.195397,Eastern Asia,Asia Pacific,"bath oils, bubbles and soaks",Body care,NARS Single Eyeshadow Sophia Cool Brown,1.0,11.0,0.0,5.5,P2210,1.0,https://i.pinimg.com/474x/16/83/49/168349308b31ad26c8976f7f7435f928.jpg,,,,,,
15546.0,ES-2012-FM1421548-41005,4/6/2020,FM-1421548,Corporate,Essen,North Rhine-Westphalia,Germany,51.165691,10.451526,Western Europe,Europe,"bath oils, bubbles and soaks",Body care,Clinique Turnaround Revitalizing Instant Facial,1.0,42.0,0.0,21,P0687,1.0,https://cdn.cosmostore.org/cache/front/shop/products/641/1973518/350x350.jpg,,,,,,
8211.0,MX-2012-EH1400539-41038,5/9/2020,EH-1400539,Self-Employed,San Salvador,San Salvador,El Salvador,13.794185,-88.89653,Central America,LATAM,"bath oils, bubbles and soaks",Body care,Aesop Petitgrain Reviving Body Gel,1.0,7.0,0.0,3.5,P0002,1.0,https://u.makeup.com.ua/r/rw/rwrplwsnemu3.jpg,,,,,,
38926.0,CA-2012-MP17470140-40997,3/29/2020,MP-174701402,Self-Employed,Brownsville,Texas,United States,37.09024,-95.712891,Central US,USCA,"bath oils, bubbles and soaks",Body care,L'OrÃ©al Paris Colour Riche Nail Color Jet Set to Paris Bold Blue,1.0,3.0,0.2,0.9,P1692,1.0,https://m.media-amazon.com/images/I/71SR0PuMOzL.jpg,,,,,,
15002.0,ES-2012-NG1835591-40948,2/9/2020,NG-1835591,Corporate,Almelo,Overijssel,Netherlands,52.132633,5.291266,Western Europe,Europe,"bath oils, bubbles and soaks",Body care,Butter London Nail Lacquer Jaffa Bright Orange,6.0,42.0,0.5,0,P0303,2.0,https://www.eskinstore.com/productcart/pc/catalog/jaffa_1946_detail.jpg,,,,,,
36493.0,CA-2012-AI10855140-41038,5/9/2020,AI-108551404,Consumer,Kent,Washington,United States,37.09024,-95.712891,Western US,USCA,"bath oils, bubbles and soaks",Body care,Drunk Elephant T.L.C. Framboos Glycolic Night Serum,3.0,42.0,0.0,21,P0839,1.0,https://beautystorage.ru/upload/iblock/11a/11a8d924e6c9868e87f5475a071a5915.jpg,,,,,,
130.0,MX-2012-BT1130531-40912,1/4/2020,BT-1130531,Self-Employed,Manzanillo,Granma,Cuba,21.521757,-77.781167,Caribbean,LATAM,"bath oils, bubbles and soaks",Body care,Kiehl's CrÃ¨me de Corps Smoothing Oil-to-Foam Body Cleanser,4.0,40.0,0.0,20,P1517,2.0,https://i.makeup.cy/n/ni/niph0dc8ssg8.jpg,,,,,,
26009.0,IN-2012-ES14020130-41047,5/18/2020,ES-14020130,Consumer,Bangkok,Bangkok,Thailand,15.870032,100.992541,Southeastern Asia,Asia Pacific,"bath oils, bubbles and soaks",Body care,L'OrÃ©al Paris EverPure Sulfate-Free Moisture Conditioner,3.0,12.0,0.47,0.36,P1727,1.0,https://thebeautylookbook.com/wp-content/uploads/2021/07/OPI-Bubble-Bath.jpg,,,,,,
27974.0,IN-2012-JM1565588-40963,2/24/2020,JM-1565588,Corporate,Yangon,Yangon,Myanmar [Burma],21.913965,95.956223,Southeastern Asia,Asia Pacific,"bath oils, bubbles and soaks",Body care,Glamglow Brightmud Eye Treatment,16.0,272.0,0.17,89.76,P1200,4.0,https://cdn.cosmostore.org/cache/front/shop/products/139/336239/350x350.jpg,,,,,,
5638.0,MX-2012-JK1612082-40995,3/27/2020,JK-1612082,Self-Employed,CoyoacÃ¡n,Distrito Federal,Mexico,23.634501,-102.552784,Central America,LATAM,"bath oils, bubbles and soaks",Body care,Garden of Life Glucosamine Chondroitin,4.0,100.0,0.0,50,P1051,2.0,https://d3gr7hv60ouvr1.cloudfront.net/CACHE/images/products/064fbab4c9bb4f16869b854e2ce591ca/f24f2f723b524fc79a18d4ad6459bafc.jpg,,,,,,
23274.0,IN-2012-BC111257-41021,4/22/2020,BC-111257,Self-Employed,Sydney,New South Wales,Australia,-25.274398,133.775136,Oceania,Asia Pacific,"bath oils, bubbles and soaks",Body care,Garnier Olia Bold - Smokey Blue,1.0,8.0,0.1,3.2,P1136,1.0,https://m.media-amazon.com/images/I/51o-SSwhrbL._SL500_.jpg,,,,,,
32061.0,CA-2012-CS12250140-40922,1/14/2020,CS-122501408,Corporate,Bossier City,Louisiana,United States,37.09024,-95.712891,Southern US,USCA,"bath oils, bubbles and soaks",Body care,WoodWick Volcano Candle,14.0,224.0,0.0,112,P3524,4.0,https://i.makeupstore.uz/t/tt/tttcwsz9qtd6.jpg,,,,,,
13572.0,IT-2012-PC19000120-41004,4/5/2020,PC-19000120,Self-Employed,Barcelona,Catalonia,Spain,40.463667,-3.74922,Southern Europe,Europe,"bath oils, bubbles and soaks",Body care,OGX Quenching + Coconut Curls Conditioner,1.0,26.0,0.0,13,P2418,1.0,https://m.media-amazon.com/images/I/61m5qnHA-rL._AC_UF1000,,,,,,
46682.0,IZ-2012-LW699061-40911,1/3/2020,LW-699061,Corporate,Mosul,Ninawa,Iraq,33.223191,43.679291,Western Asia,Asia Pacific,"bath oils, bubbles and soaks",Body care,Head & Shoulders Classic Clean Shampoo,20.0,600.0,0.0,300,P1316,5.0,https://i.makeup.kz/d/d8/d85oomqnyidx.jpg,,,,,,
867.0,MX-2012-BD1150093-41041,12/5/2020,BD-1150093,Consumer,Chinandega,Chinandega,Nicaragua,12.865416,-85.207229,Central America,LATAM,"bath oils, bubbles and soaks",Body care,Maison Margiela Feu de Bois Candle,3.0,45.0,0.0,22-May,P2020,1.0,https://caitlinwilson.com/cdn/shop/files/L_Esprit.jpg?v=1719593432&width=2000,,,,,,
43522.0,KZ-2012-JM553568-41023,4/24/2020,JM-553568,Consumer,Astana,Astana,Kazakhstan,48.019573,66.923684,Central Asia,Asia Pacific,"bath oils, bubbles and soaks",Body care,NARS Larger Than Life Long-Wear Eyeliner Barrow Street Seafoam Green,2.0,38.0,0.7,-7.6,P2187,1.0,https://www.temptalia.com/wp-content/uploads/2013/04/nars_barrowstreet003.jpg,,,,,,
22774.0,ID-2012-MP1796559-40936,1/28/2020,MP-1796559,Corporate,Semarang,Jawa Tengah,Indonesia,-0.789275,113.921327,Southeastern Asia,Asia Pacific,"bath oils, bubbles and soaks",Body care,La Mer The Hand Treatment,11.0,275.0,0.47,Aug-25,P1826,3.0,https://hicos4u.com/wp-content/uploads/2023/05/la-mer-the-hand-treatment-100ml_14789741_44907245_2048.jpg,,,,,,
,,,,,,,,,,,,,,,,,,,,,,,,,,,
,,,,,,,United States,,,,,,Luxury Jewelry,Diamond Tennis Bracelet,,899.99,,,,4.8,https://via.placeholder.com/140x140?text=Diamond+Bracelet,,,,,,
,,,,,,,Italy,,,,,,Luxury Jewelry,Pearl Necklace Set,,599.99,,,,4.7,https://via.placeholder.com/140x140?text=Pearl+Necklace,,,,,,
,,,,,,,France,,,,,,Luxury Jewelry,Gold Hoop Earrings,,349.99,,,,4.6,https://via.placeholder.com/140x140?text=Gold+Earrings,,,,,,
,,,,,,,France,,,,,,Make up,Luxury Eyeshadow Palette,,89.99,,,,4.9,https://via.placeholder.com/140x140?text=Eyeshadow+Palette,,,,,,
,,,,,,,United States,,,,,,Make up,Premium Foundation,,59.99,,,,4.7,https://via.placeholder.com/140x140?text=Foundation,,,,,,
,,,,,,,Italy,,,,,,Make up,Waterproof Mascara,,29.99,,,,4.5,https://via.placeholder.com/140x140?text=Mascara,,,,,,
