Row ID,Order ID,Order Date,User ID,Segment,City,State,Country,Country latitude,Country longitude,Region,Market,Subcategory,Category,Product,Quantity,Sales,Discount,Profit,Product ID,Rating,Product Image URL
3200,MX-2015-PV1898518-42305,2023-10-28,PV-1898518,Self-Employed,Franca,São Paulo,Brazil,-14.235004,-51.92528,South America,LATAM,face moisturizing products,Face care,Lancôme L'Absolu Rouge Cream Caprice Red,2,32,0.0,12.8,P1876,1,https://www.lancome.co.uk/dw/image/v2/AAQP_PRD/on/demandware.static/-/Sites-lac-master-catalog/en/dwf6ac1e79/images/pdp/00531-LAC/Lancome-Absolu-Rouge-Cream-1-3614273307963-openClosed.jpg?sw=1080&sh=1080&sm=cut&sfrm=png&q=70
39273,US-2013-SP20860140-41502,2021-08-16,SP-208601406,Corporate,Philadelphia,Pennsylvania,United States,37.09024,-95.712891,Eastern US,USCA,face moisturizing products,Face care,Maybelline Color Tattoo 24HR Eyeshadow Tough as Taupe,17,340,0.2,102.0,P2093,4,https://i.makeup.uk/x/xq/xqpmfils6vqz.jpg
6007,MX-2015-CS1184518-42195,2023-07-10,CS-1184518,Corporate,Taubaté,São Paulo,Brazil,-14.235004,-51.92528,South America,LATAM,face moisturizing products,Face care,Burt's Bees Almond & Milk Hand Cream,8,192,0.0,76.8,P0274,2,https://ec.nice-cdn.com/upload/image/product/large/default/almond-milk-beeswax-hand-cream-57-g-1971238-de.webp
40853,CA-2013-HP14815140-41611,2021-12-03,HP-148151406,Self-Employed,Concord,New Hampshire,United States,37.09024,-95.712891,Eastern US,USCA,face moisturizing products,Face care,Butter London Nail Lacquer Blagger Bold Blue,3,12,0.0,6.0,P0296,1,https://encrypted-tbn0.gstatic.com/images?q=tbn:ANd9GcT5u8esyilK5Ps6pPh-rjIPfvBjyDY0sp9J-Q&s
40415,CA-2015-NS18505140-42024,2023-01-20,NS-185051406,Consumer,Philadelphia,Pennsylvania,United States,37.09024,-95.712891,Eastern US,USCA,face moisturizing products,Face care,Glamglow Berryglow Probiotic Recovery Mask,4,36,0.2,7.2,P1199,2,https://cdn.notinoimg.com/social/glam-glow/889809005917_01-o/berryglow-probiotic-recovery-mask___200817.jpg
7024,MX-2015-IM1507051-42104,2023-04-10,IM-1507051,Consumer,Villa Nueva,Guatemala,Guatemala,15.783471,-90.230759,Central America,LATAM,face moisturizing products,Face care,Sally Hansen Insta-Dri ASAP Apple Bright Red,4,12,0.0,4.8,P2900,2,https://m.media-amazon.com/images/I/61Q9vuKMBxL.jpg
31711,CA-2015-KC16675140-42312,2023-11-04,KC-166751404,Corporate,Seattle,Washington,United States,37.09024,-95.712891,Western US,USCA,face moisturizing products,Face care,Urban Decay Eyeshadow Half Baked Golden Bronze,17,238,0.0,95.2,P3380,4,https://main.thgimages.com/?url=https://static.thcdn.com/productimg/original/13760628-1285234608454937.jpg&format=webp&width=1500&height=1500&fit=cover
5666,MX-2015-TT2126582-42329,2023-11-21,TT-2126582,Corporate,Mexico City,Distrito Federal,Mexico,23.634501,-102.552784,Central America,LATAM,face moisturizing products,Face care,Too Faced Natural Eyes Palette Push-Up,2,30,0.0,12.0,P3342,1,https://img01.ztat.net/article/spp-media-p1/34097c53a71c46d4a05bc20105514e35/0ac88807a1bb459288ce175cb53eb0ec.jpg?imwidth=1800&filter=packshot
24585,IN-2015-BT1148559-42291,2023-10-14,BT-1148559,Self-Employed,Balikpapan,Kalimantan Timur,Indonesia,-0.789275,113.921327,Southeastern Asia,Asia Pacific,face moisturizing products,Face care,Pure Encapsulations Omega-3 Fish Oil,4,100,0.47,-7.0,P2679,2,https://m.media-amazon.com/images/I/71wDS6CEVYL.jpg
36588,CA-2012-KT16465140-41159,2020-09-07,KT-164651402,Consumer,Houston,Texas,United States,37.09024,-95.712891,Central US,USCA,face moisturizing products,Face care,Bath & Body Works Feu de Bois Candle,6,72,0.2,21.6,P0170,2,https://www.bathandbodyworks.ca/dw/image/v2/BGFZ_PRD/on/demandware.static/-/Sites-bbw_ca-storefront-catalog/default/dwb45b24f2/hires/026703326.jpg?sw=1000&sh=1000&sm=fit
32658,CA-2015-HM14860140-42297,2023-10-20,HM-148601406,Corporate,Philadelphia,Pennsylvania,United States,37.09024,-95.712891,Eastern US,USCA,face moisturizing products,Face care,Anastasia Beverly Hills Modern Renaissance Eyeshadow Palette Primavera Shimmer Gold,3,27,0.2,5.4,P0037,1,https://static.thcdn.com/images/large/original//productimg/1600/1600/14881526-1465140353484656.jpg
33634,CA-2012-RH19495140-41143,2020-08-22,RH-194951406,Consumer,New York City,New York,United States,37.09024,-95.712891,Eastern US,USCA,face moisturizing products,Face care,Gold Bond Eczema Relief Hand Cream,4,128,0.0,64.0,P1219,2,https://pics.walgreens.com/prodimg/547775/900.jpg
35329,CA-2014-SN20710140-41909,2022-09-27,SN-207101404,Self-Employed,Covington,Washington,United States,37.09024,-95.712891,Western US,USCA,face moisturizing products,Face care,Schwarzkopf Got2b Metallics - Golden Rose,1,9,0.0,4.5,P2948,1,"https://m.media-amazon.com/images/I/51KMOocrv-L._BO30,255,255,255_UF900,850_SR1910,1000,0,C_ZA464,500,900,420,420,AmazonEmber,50,4,0,0_PIRIOFOUR-medium,BottomLeft,30,-20_QL100_.jpg"
31715,CA-2015-VB21745140-42315,2023-11-07,VB-217451408,Corporate,Richmond,Kentucky,United States,37.09024,-95.712891,Southern US,USCA,face moisturizing products,Face care,Old Spice High Endurance Body Wash,17,187,0.0,74.8,P2520,4,https://i5.walmartimages.com/asr/41de5c94-278e-4c01-86b0-2d00017d88b8.9f6eb6ae817a7f530e5f5031a967d5ca.jpeg
473,MX-2015-MO1780051-42280,2023-10-03,MO-1780051,Self-Employed,Chinautla,Guatemala,Guatemala,15.783471,-90.230759,Central America,LATAM,face moisturizing products,Face care,MAC Born This Way Foundation,1,35,0.0,14.0,P1959,1,https://img01.ztat.net/article/spp-media-p1/cbf4f87e47eb419499f3d7df2609efd7/d9a178b5adfe44ecb510872dd6799b0b.jpg?imwidth=1800&filter=packshot
5255,MX-2014-AH1046593-42004,2022-12-31,AH-1046593,Consumer,León,León,Nicaragua,12.865416,-85.207229,Central America,LATAM,face moisturizing products,Face care,Burt's Bees Banana Hand Cream,5,165,0.0,82.5,P0279,2,https://m.media-amazon.com/images/I/714gQHbcxsL.jpg
43998,TU-2015-JH6180134-42342,2023-12-04,JH-6180134,Consumer,Istanbul,Istanbul,Turkey,38.963745,35.243322,Western Asia,Asia Pacific,face moisturizing products,Face care,Vaseline Intensive Care Anti-Bacterial Hand Cream,1,10,0.6,-2.0,P3419,1,"https://m.media-amazon.com/images/I/71RTmX1rA4L._AC_UF894,1000_QL80_.jpg"
41681,CG-2012-NB865533-41273,2020-12-30,NB-865533,Corporate,Likasi,Katanga,Congo [DRC],-4.038333,21.758664,Central Africa,Africa,face moisturizing products,Face care,Garnier SkinActive Ultra-Lift Anti-Wrinkle Firming Night Cream,18,792,0.0,396.0,P1168,5,https://m.media-amazon.com/images/I/610BTZQULLL.jpg
7692,MX-2012-JH1543080-41038,2020-05-09,JH-1543080,Consumer,Fort-de-France,Martinique,Martinique,14.641528,-61.024174,Caribbean,LATAM,face moisturizing products,Face care,Crabtree & Evelyn Goatmilk & Oat Hand Therapy,5,155,0.0,77.5,P0697,2,https://cdn.cosmostore.org/cache/front/shop/products/187/478615/350x350.jpg
36427,CA-2012-DM13015140-41165,2020-09-13,DM-130151406,Consumer,New York City,New York,United States,37.09024,-95.712891,Eastern US,USCA,face moisturizing products,Face care,IT Cosmetics Heavenly Luxe Flat Top Buffing Foundation Brush,9,81,0.0,40.5,P1394,3,https://i1.perfumesclub.com/grande/171800.jpg
14635,ES-2015-CS12490139-42026,2023-01-22,CS-12490139,Corporate,Glasgow,Scotland,United Kingdom,55.378051,-3.435973,Northern Europe,Europe,face moisturizing products,Face care,Centrum Silver Multivitamin,1,50,0.0,20.0,P0412,1,https://i.ebayimg.com/images/g/kL8AAOSwcrFk4hEg/s-l1200.jpg
3453,US-2015-MO17500101-42333,2023-11-25,MO-17500101,Consumer,Chiclayo,Lambayeque,Peru,-9.189967,-75.015152,South America,LATAM,face moisturizing products,Face care,Neutrogena Clear Face Liquid Lotion Sunscreen SPF 55,3,93,0.4,0.0,P2306,1,"https://m.media-amazon.com/images/I/61i8dborPbL._AC_UF894,1000_QL80_.jpg"
14628,ES-2014-SC2002044-41815,2022-06-25,SC-2002044,Consumer,Helsinki,Uusimaa,Finland,61.92411,25.748151,Northern Europe,Europe,face moisturizing products,Face care,Aveeno Positively Ageless Restructuring Treatment Cream,2,68,0.0,34.0,P0110,1,https://m.media-amazon.com/images/I/71k2aAsOheL.jpg
40737,CA-2012-BW11065140-41053,2020-05-24,BW-110651406,Consumer,New York City,New York,United States,37.09024,-95.712891,Eastern US,USCA,face moisturizing products,Face care,SmartyPants Prenatal Multivitamin,2,70,0.0,35.0,P3068,1,https://m.media-amazon.com/images/I/61R2YnszFQL.jpg
25642,ID-2014-JP1546059-41803,2022-06-13,JP-1546059,Corporate,Medan,Sumatera Utara,Indonesia,-0.789275,113.921327,Southeastern Asia,Asia Pacific,shampoos and conditioners,Hair care,Dolce & Gabbana Black Opium,20,1080,0.17,-21.6,P0782,5,https://m.media-amazon.com/images/I/61GoBXXF8iL.jpg
13413,ES-2013-FM1429048-41564,2021-10-17,FM-1429048,Self-Employed,Freiburg,Baden-Württemberg,Germany,51.165691,10.451526,Western Europe,Europe,hair colors and toners,Hair care,ELEMIS Frangipani Monoi Hand & Nail Cream,2,36,0.0,5.4,P0844,1,https://eu.elemis.com/media/catalog/product/cache/f0c0914432e862184ef64987174b8448/e/x/exotic_frangipani_monoi_shower_cream_50ml_primary_front-2024_11_06.jpg?auto=webp&optimize=high&format=jpg&crop=1:1&width=700
43332,RO-2015-LR7035107-42224,2023-08-08,LR-7035107,Corporate,Timisoara,Timis,Romania,45.943161,24.96676,Eastern Europe,Europe,shampoos and conditioners,Hair care,Huda Beauty Power Bullet Matte Joyride,4,48,0.0,7.2,P1380,2,https://media.douglas.at/medias/elSVZa039390-0-global.png?context=bWFzdGVyfGltYWdlc3w1MjQ2NTZ8aW1hZ2UvcG5nfGFHSmlMMmczTVM4Mk16UTFOVEE0T1RNNU16WTVOQzlsYkZOV1dtRXdNemt6T1RCZk1GOW5iRzlpWVd3dWNHNW58OTEyYmQzNGYyNzkxYzYxNTA0NWQ2YWY3NzA5MWUyY2QzYjE0NjdhYTYwNTM2ODJiYWI4ZDU1YWFkM2Y3ZGVhZg&grid=true&imPolicy=grayScaled
46331,SA-2013-JB6000110-41500,2021-08-14,JB-6000110,Consumer,Mecca,Makkah,Saudi Arabia,23.885942,45.079162,Western Asia,Asia Pacific,shampoos and conditioners,Hair care,Vaseline Hand Sanitizer Lotion,4,88,0.0,13.2,P3414,2,https://m.media-amazon.com/images/I/81eT-QvmBtL.jpg
19235,ES-2013-GG1465045-41433,2021-06-08,GG-1465045,Corporate,Bonneuil-sur-Marne,Ile-de-France,France,46.227638,2.213749,Western Europe,Europe,shampoos and conditioners,Hair care,Anastasia Beverly Hills Brow Definer Soft Brown,19,228,0.1,11.4,P0027,5,https://img01.ztat.net/article/spp-media-p1/2bbd784ffb064f3dbb1dba91de97dfe5/baee61e13988452fad7b2b20df371d20.jpg?imwidth=1800&filter=packshot
14079,ES-2012-FO1430545-41141,2020-08-20,FO-1430545,Consumer,Noisy-le-Grand,Ile-de-France,France,46.227638,2.213749,Western Europe,Europe,shampoos and conditioners,Hair care,Dial Spring Water Hydrating Body Wash,5,65,0.1,3.25,P0746,2,https://m.media-amazon.com/images/I/711+8wfOg0L.jpg
21501,IN-2015-JH161807-42140,2023-05-16,JH-161807,Consumer,Gold Coast,Queensland,Australia,-25.274398,133.775136,Oceania,Asia Pacific,shampoos and conditioners,Hair care,Madison Reed Radiant Hair Color Kit - Dark Cool Espresso Brown,1,10,0.1,0.5,P2008,1,https://m.media-amazon.com/images/I/81WK4R7QuXL.jpg
10375,ES-2015-CV12805139-42251,2023-09-04,CV-12805139,Corporate,Stourbridge,England,United Kingdom,55.378051,-3.435973,Northern Europe,Europe,shampoos and conditioners,Hair care,Aveeno Baby Daily Moisture Lotion,20,560,0.0,84.0,P0094,5,https://www.aveeno.co.uk/sites/aveeno_noe_2/files/product-images/aveeno_baby_daily_care_moisturising_lotion_150ml.jpg
50655,CG-2012-TB1162533-40954,2020-02-15,TB-1162533,Consumer,Kinshasa,Kinshasa,Congo [DRC],-4.038333,21.758664,Central Africa,Africa,hair colors and toners,Hair care,Eucerin DermoPURIFYER Oil Control Adjunctive Hydrating Care,1,37,0.0,5.55,P0958,1,https://images-1.eucerin.com/~/media/eucerin%20relaunch%20media/eucerin/local/me/products/dermo-purifyer/dermo-purifyer-oil-control-adjunctive-soothing-cream-eucerin-me-packshot.jpeg
20166,ES-2015-SD20485139-42354,2023-12-16,SD-20485139,Self-Employed,Exeter,England,United Kingdom,55.378051,-3.435973,Northern Europe,Europe,shampoos and conditioners,Hair care,Sterling Horizon Ring,2,88,0.0,13.2,P3142,1,https://dunejewelry.com/media/catalog/product/cache/8c3dfb7c02913a02de35b05251a585f9/l/u/luxe-horizon-ring-apatite-sand.jpg
30715,IN-2013-BB1099092-41338,2021-03-05,BB-1099092,Corporate,Christchurch,Canterbury,New Zealand,-40.900557,174.885971,Oceania,Asia Pacific,shampoos and conditioners,Hair care,Butter London Nail Lacquer Yummy Mummy Cool Beige,1,8,0.0,1.2,P0322,1,https://www.butterlondon.com/cdn/shop/products/yummy-mummy-mini-patent-shine-10x-nail-lacquer-615280.jpg?v=1698066732
43025,RS-2015-CC2370108-42178,2023-06-23,CC-2370108,Consumer,Chelyabinsk,Chelyabinsk,Russia,61.52401,105.318756,Eastern Europe,Europe,shampoos and conditioners,Hair care,Maybelline Plum for Me Rich Plum,8,64,0.0,9.6,P2107,2,"https://m.media-amazon.com/images/I/81eMuwHsaFL._AC_UF1000,1000_QL80_.jpg"
40282,CA-2013-JG15115140-41611,2021-12-03,JG-151151408,Consumer,Jacksonville,North Carolina,United States,37.09024,-95.712891,Southern US,USCA,hair colors and toners,Hair care,Schwarzkopf Color Expert - Light Ash Brown,3,57,0.2,-2.85,P2939,1,https://duftfeeling.de/media/image/product/18086/md/schwarzkopf-color-expert-haarfarbe-6-0-natural-light-brown.jpg
18747,ES-2015-SV20815139-42328,2023-11-20,SV-20815139,Corporate,Manchester,England,United Kingdom,55.378051,-3.435973,Northern Europe,Europe,shampoos and conditioners,Hair care,L'Oréal Infallible Le Rouge Ravishing Red,7,49,0.0,7.35,P1643,2,https://i5.walmartimages.com/seo/L-Oreal-Paris-Infallible-Le-Rouge-Lipstick-Ravishing-Red_a1755e40-9e41-4d34-b920-cd9af7b7b0b8_1.32a6181d92c7e2fc7e2d615afdd9446b.jpeg?odnHeight=768&odnWidth=768&odnBg=FFFFFF
42707,SG-2014-BS1665111-41734,2022-04-05,BS-1665111,Consumer,Dakar,Dakar,Senegal,14.497401,-14.452362,Western Africa,Africa,shampoos and conditioners,Hair care,New Chapter Magnesium Citrate,1,20,0.0,3.0,P2359,1,"https://images-na.ssl-images-amazon.com/images/I/61BGz3zVgyL._AC_UL210_SR210,210_.jpg"
43241,SG-2014-TZ11445111-41710,2022-03-12,TZ-11445111,Corporate,Dakar,Dakar,Senegal,14.497401,-14.452362,Western Africa,Africa,shampoos and conditioners,Hair care,CeraVe Moisturizing Cream,15,345,0.0,51.75,P0442,4,https://static.beautytocare.com/media/catalog/product/c/e/cerave-moisturizing-cream-dry-to-very-dry-skin-170g_3.jpg
9197,MX-2012-AT1043531-41193,2020-10-11,AT-1043531,Self-Employed,Guantánamo,Guantánamo,Cuba,21.521757,-77.781167,Caribbean,LATAM,shampoos and conditioners,Hair care,Jo Malone Russian Leather Candle,2,10,0.0,1.5,P1477,1,https://cdn.basler-beauty.de/out/pictures/generated/product/1/980_980_100/1485571-JO-MALONE-LONDON-Peony-Blush-Suede-Home-Candle-200-g.0af3bdc1.jpg
30364,IN-2013-BS1175592-41591,2021-11-13,BS-1175592,Consumer,Hastings,Hawke's Bay,New Zealand,-40.900557,174.885971,Oceania,Asia Pacific,hair colors and toners,Hair care,TRESemmé Smooth & Silky Shampoo,2,76,0.0,11.4,P3211,1,https://m.media-amazon.com/images/I/518nm3DbbLL.jpg
35613,CA-2013-AB10165140-41450,2021-06-25,AB-101651404,Consumer,Los Angeles,California,United States,37.09024,-95.712891,Western US,USCA,shampoos and conditioners,Hair care,Olay Fresh Outlast Birch Water & Lavender Body Wash,3,45,0.0,6.75,P2479,1,https://www.storkz.com/media/catalog/product/cache/1/image/9df78eab33525d08d6e5fb8d27136e95/0/3/037000743095.jpg
16454,ES-2014-AC1061564-41850,2022-07-30,AC-1061564,Corporate,Chioggia,Veneto,Italy,41.87194,12.56738,Southern Europe,Europe,shampoos and conditioners,Hair care,L'Oréal Backstage Foundation,20,280,0.4,-70.0,P1615,5,https://i.makeupstore.at/z/zz/zzif6pfngz03.jpg
7411,MX-2013-MC1784528-41276,2021-01-02,MC-1784528,Consumer,Pitalito,Huila,Colombia,4.570868,-74.297333,South America,LATAM,shampoos and conditioners,Hair care,Sephora Collection PRO Domed Powder Brush #59,5,30,0.0,4.5,P2985,2,https://www.sephora.com/productimages/sku/s2290641-main-zoom.jpg?imwidth=315
50374,NI-2012-SP1086095-41090,2020-06-30,SP-1086095,Corporate,Ibadan,Oyo,Nigeria,9.081999,8.675277,Western Africa,Africa,hair colors and toners,Hair care,Aromatique Russian Leather Candle,2,8,0.7,-4.4,P0077,1,"https://m.media-amazon.com/images/I/81hp35jIQVL._AC_UF350,350_QL80_.jpg"
50268,SA-2012-SW10755110-41251,2020-12-08,SW-10755110,Corporate,Al Hufuf,Ash Sharqiyah,Saudi Arabia,23.885942,45.079162,Western Asia,Asia Pacific,shampoos and conditioners,Hair care,MAC Eyeshadow Soft Brown Golden Peach,12,84,0.0,12.6,P1990,3,https://m.media-amazon.com/images/I/6189QDlbgQL.jpg
44706,SA-2014-SW10455110-41998,2022-12-25,SW-10455110,Consumer,Riyadh,Ar Riyad,Saudi Arabia,23.885942,45.079162,Western Asia,Asia Pacific,shampoos and conditioners,Hair care,Ahava Mineral Shower Gel,2,8,0.0,1.2,P0007,1,https://images.prod.ecom.mueller.de/_next/image/?url=https%3A%2F%2Fstatic.prod.ecom.mueller.de%2Fproducts%2F697045159635%2F6664429153-PUV-0.jpg&w=2880&q=75
20545,ID-2013-DR12940102-41444,2021-06-19,DR-12940102,Self-Employed,Manila,National Capital,Philippines,12.879721,121.774017,Southeastern Asia,Asia Pacific,shampoos and conditioners,Hair care,BareMinerals Blooming Blush Brush,4,32,0.45,-9.6,P0154,2,https://cdn.flaconi.at/media/catalog/product/b/a/bareminerals-blooming-blush-rougepinsel-nocolor-098132519347.jpg?r=1RSlS8
1112,MX-2013-RA1994551-41622,2021-12-14,RA-1994551,Consumer,Quetzaltenango,Quezaltenango,Guatemala,15.783471,-90.230759,Central America,LATAM,brushes and applicators,Home and Accessories,Vaseline Intensive Care Healing Serum,2,40,0.0,4.0,P3428,1,"https://m.media-amazon.com/images/I/71YxPPXs+fL._AC_UF1000,1000_QL80_.jpg"
47664,IR-2014-LS694560-41650,2022-01-11,LS-694560,Corporate,Kerman,Kerman,Iran,32.427908,53.688046,Southern Asia,Asia Pacific,brushes and applicators,Home and Accessories,Kiehl's Ultra Facial Oil-Free Lotion,14,112,0.0,11.2,P1567,4,"https://m.media-amazon.com/images/I/71upSOPrkzL._AC_UF1000,1000_QL80_.jpg"
44122,TU-2014-PK9075134-41822,2022-07-02,PK-9075134,Consumer,Istanbul,Istanbul,Turkey,38.963745,35.243322,Western Asia,Asia Pacific,Accessories,Home and Accessories,OPI Nail Lacquer My Chihuahua Bites Hot Red,4,40,0.6,-20.0,P2446,2,https://enails.eu/cdn/shop/products/opimychihuahuabites_720x.jpg?v=1658829593
20085,ES-2015-RF19735139-42188,2023-07-03,RF-19735139,Consumer,Leeds,England,United Kingdom,55.378051,-3.435973,Northern Europe,Europe,brushes and applicators,Home and Accessories,Palmer's Vitamin E Body Butter,2,50,0.0,5.0,P2617,1,https://me.palmers.com/3063-thickbox_default/vitamin-e-body-butter.jpg
21057,IN-2014-DK13090102-41998,2022-12-25,DK-13090102,Consumer,Manila,National Capital,Philippines,12.879721,121.774017,Southeastern Asia,Asia Pacific,"candles, sprays, diffusers",Home and Accessories,Dove Nutritive Solutions Oxygen Moisture Shampoo,2,58,0.35,-14.5,P0811,1,https://m.media-amazon.com/images/I/61iUnOykRjL.jpg
50514,MO-2014-TR1132586-41972,2022-11-29,TR-1132586,Consumer,Rabat,Rabat-Salé-Zemmour-Zaer,Morocco,31.791702,-7.09262,North Africa,Africa,"candles, sprays, diffusers",Home and Accessories,Golden Blossom Pendant,1,49,0.0,4.9,P1263,1,https://i.etsystatic.com/8005259/r/il/971a46/4500940665/il_570xN.4500940665_l3bd.jpg
117,MX-2015-SS2041018-42336,2023-11-28,SS-2041018,Consumer,Curitiba,Parana,Brazil,-14.235004,-51.92528,South America,LATAM,brushes and applicators,Home and Accessories,Solgar CoQ10,5,120,0.0,12.0,P3113,2,https://m.media-amazon.com/images/I/71KlYPHi9NL.jpg
2875,MX-2014-SG2008031-41993,2022-12-20,SG-2008031,Consumer,Pinar del Río,Pinar del Río,Cuba,21.521757,-77.781167,Caribbean,LATAM,"candles, sprays, diffusers",Home and Accessories,Rose Gold Orbit Pendant,5,605,0.002,59.29,P2857,2,https://www.astridandmiyu.com/cdn/shop/products/AM22-Q4D1-N-ORB-CRYS-RG_3.jpg?v=1664960595&width=1536
51197,NI-2012-JH591095-41006,2020-04-07,JH-591095,Consumer,Owerri,Imo,Nigeria,9.081999,8.675277,Western Africa,Africa,"candles, sprays, diffusers",Home and Accessories,Neutrogena Deep Moisture Body Lotion,6,198,0.7,-118.8,P2310,2,"https://www.easypara.com/media/catalog/product/1/3/134574.jpg?optimize=medium&bg-color=255,255,255&fit=bounds&height=700&width=700&canvas=700:700"
23976,IN-2013-SC202607-41416,2021-05-22,SC-202607,Corporate,Dubbo,New South Wales,Australia,-25.274398,133.775136,Oceania,Asia Pacific,brushes and applicators,Home and Accessories,Wella Color Charm Demi-Permanent Hair Color - Medium Red Blonde,2,36,0.1,0.0,P3483,1,https://www.wella.com/professional/m/_enus/products/color_charm/Demi_Permanent_Color/demi-permanent-color-carousel-1_m.jpg
5381,MX-2014-MC1810082-41814,2022-06-24,MC-1810082,Consumer,Tlaquepaque,Jalisco,Mexico,23.634501,-102.552784,Central America,LATAM,Accessories,Home and Accessories,Clarins Hand and Nail Treatment Cream,5,40,0.0,4.0,P0619,2,https://www.clarins.at/dw/image/v2/AAFS_PRD/on/demandware.static/-/Sites-clarins-master-products/de_AT/dw71f93ef7/original/80078438_original_original_J.jpg?sw=680&sh=680
29752,IN-2014-JR1621058-41850,2022-07-30,JR-1621058,Corporate,Srinagar,Jammu and Kashmir,India,20.593684,78.96288,Southern Asia,Asia Pacific,brushes and applicators,Home and Accessories,Giorgio Armani Her Eau de Parfum,2,226,0.0,22.6,P1185,1,https://images.prod.ecom.mueller.de/_next/image/?url=https%3A%2F%2Fstatic.prod.ecom.mueller.de%2Fproducts%2F3605522041004%2F3605522041004_1_08012025.jpg&w=2880&q=75
34196,CA-2013-PG18895140-41529,2021-09-12,PG-188951406,Consumer,New York City,New York,United States,37.09024,-95.712891,Eastern US,USCA,"candles, sprays, diffusers",Home and Accessories,Urban Decay Eyeshadow Smog Deep Coppery Bronze,2,14,0.2,-1.4,P3389,1,https://dy6g3i6a1660s.cloudfront.net/rdzzahPUImXSzricIqk29gPoA-g/p_550x550-97/urban-decay-eyeshadows-laced.jpg
34109,CA-2013-MP18175140-41594,2021-11-16,MP-181751402,Self-Employed,Milwaukee,Wisconsin,United States,37.09024,-95.712891,Central US,USCA,fragrances,Home and Accessories,Kiehl's Ultra Facial Oil-Free Gel Cream,3,87,0.0,8.7,P1566,1,https://www.my-origines.com/on/demandware.static/-/Sites-size-master/default/dw3eb58b3d/images/P5301X09_S1.jpg
37615,CA-2015-EB13750140-42334,2023-11-26,EB-137501404,Corporate,Laguna Niguel,California,United States,37.09024,-95.712891,Western US,USCA,brushes and applicators,Home and Accessories,Centrum Calcium Gummies,4,104,0.2,-10.4,P0406,2,"https://m.media-amazon.com/images/I/71FN8k8GQPL._AC_UF1000,1000_QL80_.jpg"
13458,IT-2012-AI10855120-41264,2020-12-21,AI-10855120,Consumer,Elda,Valenciana,Spain,40.463667,-3.74922,Southern Europe,Europe,brushes and applicators,Home and Accessories,China Glaze Nail Lacquer Fairy Dust Shimmering Silver,2,16,0.1,0.0,P0530,1,"https://m.media-amazon.com/images/I/71uV-rXACiL._AC_UF1000,1000_QL80_.jpg"
45540,TU-2013-JS5595134-41551,2021-10-04,JS-5595134,Corporate,Istanbul,Istanbul,Turkey,38.963745,35.243322,Western Asia,Asia Pacific,"candles, sprays, diffusers",Home and Accessories,Redken High Rise Volume Lifting Conditioner,7,91,0.6,-45.5,P2744,2,https://www.navidihaircompany.co.uk/cdn/shop/products/redken-high-rise-volume-conditioner-624432.jpg?v=1612381707
867,MX-2012-BD1150093-41041,2020-05-12,BD-1150093,Consumer,Chinandega,Chinandega,Nicaragua,12.865416,-85.207229,Central America,LATAM,"bath oils, bubbles and soaks",Body care,Maison Margiela Feu de Bois Candle,3,45,0.0,22.5,P2020,1,https://caitlinwilson.com/cdn/shop/files/L_Esprit.jpg?v=1719593432&width=2000
43522,KZ-2012-JM553568-41023,2020-04-24,JM-553568,Consumer,Astana,Astana,Kazakhstan,48.019573,66.923684,Central Asia,Asia Pacific,"bath oils, bubbles and soaks",Body care,NARS Larger Than Life Long-Wear Eyeliner Barrow Street Seafoam Green,2,38,0.7,-7.6,P2187,1,https://www.temptalia.com/wp-content/uploads/2013/04/nars_barrowstreet003.jpg
22774,ID-2012-MP1796559-40936,2020-01-28,MP-1796559,Corporate,Semarang,Jawa Tengah,Indonesia,-0.789275,113.921327,Southeastern Asia,Asia Pacific,"bath oils, bubbles and soaks",Body care,La Mer The Hand Treatment,11,275,0.47,8.25,P1826,3,https://hicos4u.com/wp-content/uploads/2023/05/la-mer-the-hand-treatment-100ml_14789741_44907245_2048.jpg
3471,MX-2012-RD1993055-40978,2020-03-10,RD-1993055,Consumer,San Pedro Sula,Cortés,Honduras,15.199999,-86.241905,Central America,LATAM,"bath oils, bubbles and soaks",Body care,Rose Gold Serenity Necklace,5,615,0.4,61.5,P2860,2,https://dearme.id/wp-content/uploads/2022/08/Serenity-4-scaled.jpg
3767,MX-2012-AM1070582-41031,2020-05-02,AM-1070582,Consumer,Puebla,Puebla,Mexico,23.634501,-102.552784,Central America,LATAM,"bath oils, bubbles and soaks",Body care,Soap & Glory Hand Food Hydrating Hand Cream with Shea Butter,7,140,0.0,70.0,P3097,2,https://i5.walmartimages.com/asr/5e974133-25ae-4f32-8285-e27d78c991d8.894506be688bc44c9b5207a7c124c454.jpeg
26832,IN-2012-BM1157527-41001,2020-04-02,BM-1157527,Corporate,Ningbo,Zhejiang,China,35.86166,104.195397,Eastern Asia,Asia Pacific,"bath oils, bubbles and soaks",Body care,ELEMIS Jasmine & Rose Hand & Nail Cream,12,252,0.0,126.0,P0846,3,https://cdn.cosmostore.org/cache/front/shop/products/116/278824/350x350.jpg
5699,US-2012-MJ1774055-41025,2020-04-26,MJ-1774055,Consumer,Choloma,Cortés,Honduras,15.199999,-86.241905,Central America,LATAM,"bath oils, bubbles and soaks",Body care,L'Occitane Almond Shower Oil,5,25,0.4,2.5,P1592,2,https://cdn.cosmostore.org/cache/front/shop/products/575/1770726/350x350.jpg
19634,IT-2012-NC1862591-41025,2020-04-26,NC-1862591,Corporate,Nijmegen,Gelderland,Netherlands,52.132633,5.291266,Western Europe,Europe,"bath oils, bubbles and soaks",Body care,Eucerin Redness Relief Soothing Cleanser,4,48,0.5,0.0,P0987,2,https://media.allure.com/photos/57e536be7b47312c0ad83873/1:1/w_360%2Cc_limit/eucerin-redness-relief-soothing-cleanser.jpg
590,US-2012-JB15400101-40999,2020-03-31,JB-15400101,Corporate,Lima,Lima (city),Peru,-9.189967,-75.015152,South America,LATAM,"bath oils, bubbles and soaks",Body care,Sally Hansen Insta-Dri ASAP Apple Bright Red,8,24,0.4,2.4,P2900,2,https://m.media-amazon.com/images/I/61Q9vuKMBxL._AC_UF10001000_QL80_.jpg
12272,ES-2012-DP1339045-41046,2020-05-17,DP-1339045,Self-Employed,Argenteuil,Ile-de-France,France,46.227638,2.213749,Western Europe,Europe,"bath oils, bubbles and soaks",Body care,OPI Nail Lacquer Bubble Bath Pale Pink,4,20,0.0,10.0,P2431,2,"https://res.cloudinary.com/powerreviews/image/upload/f_auto,q_auto,h_768,w_auto/d_portal-no-product-image_ttlfpi.svg/prod/ssn67kllzrcjmapctg3g.jpg"
39136,US-2012-CV12295140-40995,2020-03-27,CV-122951402,Consumer,Des Moines,Iowa,United States,37.09024,-95.712891,Central US,USCA,"bath oils, bubbles and soaks",Body care,Garden of Life Magnesium Citrate,3,144,0.0,72.0,P1053,1,https://ir.ozone.ru/s3/multimedia-i/c1000/6615674190.jpg
26926,IN-2012-LH1715559-40968,2020-02-29,LH-1715559,Consumer,Palembang,Sumatera Selatan,Indonesia,-0.789275,113.921327,Southeastern Asia,Asia Pacific,"bath oils, bubbles and soaks",Body care,L'Oréal Paris EverCurl Sulfate-Free HydraCharge Conditioner,9,99,0.47,2.97,P1723,3,https://m.media-amazon.com/images/I/810Hme-rFHL.jpg
29197,IN-2012-SC20095127-41040,2020-05-11,SC-20095127,Consumer,Taipei,Taipei City,Taiwan,23.69781,120.960515,Eastern Asia,Asia Pacific,"bath oils, bubbles and soaks",Body care,Illume Russian Leather Candle,2,36,0.0,18.0,P1410,1,https://www.belleandblush.com/cdn/shop/products/e70_pdp02_1080x1080_3_jpg_large@2x.progressive.jpg?v=1571673174
20647,ID-2012-CM12715118-41007,2020-04-08,CM-12715118,Corporate,Seoul,Seoul,South Korea,35.907757,127.766922,Eastern Asia,Asia Pacific,"bath oils, bubbles and soaks",Body care,WoodWick Eucalyptus Spearmint Candle,18,324,0.5,0.0,P3519,5,https://i.etsystatic.com/33829594/r/il/d58d0f/4844182635/il_fullxfull.4844182635_ns87.jpg
12778,ES-2012-JL15235120-40976,2020-03-08,JL-15235120,Consumer,Madrid,Madrid,Spain,40.463667,-3.74922,Southern Europe,Europe,"bath oils, bubbles and soaks",Body care,Clinique All About Eyes Serum,2,44,0.0,22.0,P0633,1,https://www.letu.ru/common/img/pim/2025/01/EX_b01d3d03-7206-4c09-b323-d78f55c11aa8.jpg
3881,MX-2012-BD1163531-41010,2020-04-11,BD-1163531,Consumer,Manzanillo,Granma,Cuba,21.521757,-77.781167,Caribbean,LATAM,"bath oils, bubbles and soaks",Body care,Butter London Nail Lacquer Shag Metallic Copper,7,56,0.0,28.0,P0314,2,https://www.eskincarestore.com/productcart/pc/catalog/theoldbill_1407_detail.jpg
22106,IN-2012-PS1904527-41014,2020-04-15,PS-1904527,Self-Employed,Jieyang,Guangdong,China,35.86166,104.195397,Eastern Asia,Asia Pacific,"bath oils, bubbles and soaks",Body care,Archipelago Cedar Stack Candle,4,44,0.0,22.0,P0053,2,https://cdn.clothbase.com/uploads/e5bbc903-30ae-4ae4-a5e6-f33a9632223d/01-04-2021_BB_BS-9CS_m1_1.jpg
42297,IR-2012-AR82560-41024,2020-04-25,AR-82560,Corporate,Mashhad,Razavi Khorasan,Iran,32.427908,53.688046,Southern Asia,Asia Pacific,"bath oils, bubbles and soaks",Body care,OGX Anti-Breakage Keratin Oil Shampoo,12,420,0.0,210.0,P2404,3,https://i.makeupstore.uz/6/6i/6igz4hsxfjo1.jpg
41522,MO-2012-LR703586-41023,2020-04-24,LR-703586,Corporate,Marrakech,Marrakech-Tensift-El Haouz,Morocco,31.791702,-7.09262,North Africa,Africa,"bath oils, bubbles and soaks",Body care,L'Oréal Paris Excellence Creme - Medium Auburn Brown,5,95,0.0,47.5,P1746,2,https://www.lorealparis.ca/-/media/project/loreal/brand-sites/oap/americas/ca/products/hair-colour/excellence-cream/general/packshots/2022-09/065338045659-excellence_shade_f_topview.png
8343,MX-2012-RD1993051-40973,2020-03-05,RD-1993051,Consumer,Villa Nueva,Guatemala,Guatemala,15.783471,-90.230759,Central America,LATAM,"bath oils, bubbles and soaks",Body care,Le Petit Marseillais Cotton Milk & Poppy Shower Cream,5,50,0.0,25.0,P1910,2,https://m.media-amazon.com/images/I/81Od5kRWGPL._AC_UF10001000_QL80_.jpg
7850,US-2012-CC1222055-40970,2020-03-02,CC-1222055,Consumer,San Pedro Sula,Cortés,Honduras,15.199999,-86.241905,Central America,LATAM,"bath oils, bubbles and soaks",Body care,Capri Blue Russian Leather Candle,1,7,0.4,0.7,P0379,1,https://candleculture.blog/wp-content/uploads/2024/05/IMG_9992-scaled.jpg
27882,IN-2012-DK1298558-40985,2020-03-17,DK-1298558,Consumer,Meerut,Uttar Pradesh,India,20.593684,78.96288,Southern Asia,Asia Pacific,"bath oils, bubbles and soaks",Body care,Rose Gold Embrace Ring,3,165,0.0,82.5,P2843,1,https://assets.ajio.com/medias/sys_master/root/20211222/NeMh/61c223cbaeb269011015e6ac/-473Wx593H-469083580-rosegold-MODEL.jpg
21907,IN-2012-BM1157527-40981,2020-03-13,BM-1157527,Corporate,Beijing,Beijing,China,35.86166,104.195397,Eastern Asia,Asia Pacific,"bath oils, bubbles and soaks",Body care,Neutrogena Rapid Wrinkle Repair Night Moisturizer,15,630,0.0,315.0,P2345,4,https://images.prom.ua/2103315780_w600_h600_2103315780.jpg
17307,ES-2012-HK14890125-40979,2020-03-11,HK-14890125,Corporate,Basel,Basel-Stadt,Switzerland,46.818188,8.227512,Western Europe,Europe,"bath oils, bubbles and soaks",Body care,Clinique Turnaround Overnight Revitalizing Moisturizer,18,900,0.0,450.0,P0686,5,https://cms.brnstc.de/product_images/680x930_retina/cpro/media/images/product/21/6/192333099810_0_1623772034030.jpg
5643,MX-2012-JK1612082-40995,2020-03-27,JK-1612082,Self-Employed,Coyoacán,Distrito Federal,Mexico,23.634501,-102.552784,Central America,LATAM,"bath oils, bubbles and soaks",Body care,NOW Foods Omega-3 Fish Oil,2,92,0.0,46.0,P2224,1,https://images.uzum.uz/clvh9nj2psag1e8tr1r0/original.jpg
25614,IN-2012-TS2150559-40990,2020-03-22,TS-2150559,Consumer,Jakarta,Jakarta,Indonesia,-0.789275,113.921327,Southeastern Asia,Asia Pacific,"bath oils, bubbles and soaks",Body care,Aveeno Sheer Hydration Daily Moisturizing Lotion,2,34,0.47,1.02,P0125,1,https://static.thcdn.com/images/large/original//productimg/1600/1600/14302212-1165054766476877.jpg
36761,CA-2012-TS21340140-40928,2020-01-20,TS-213401404,Consumer,Scottsdale,Arizona,United States,37.09024,-95.712891,Western US,USCA,"bath oils, bubbles and soaks",Body care,Jo Malone Gentleman,5,305,0.2,91.5,P1463,2,https://www.jomalone.com.sg/media/export/cms/gnav/25C06_MA_Nav_Fathers-Day.jpeg
9067,MX-2012-AW1093031-40912,2020-01-04,AW-1093031,Self-Employed,Santiago de Cuba,Santiago de Cuba,Cuba,21.521757,-77.781167,Caribbean,LATAM,"bath oils, bubbles and soaks",Body care,Golden Vine Bracelet,1,151,0.0,75.5,P1288,1,https://www.bestwatches.su/files/iblock/9a6/a3a/1000_1000.jpg
55,US-2012-DW1348055-41000,2020-04-01,DW-1348055,Self-Employed,Tegucigalpa,Francisco Morazán,Honduras,15.199999,-86.241905,Central America,LATAM,"bath oils, bubbles and soaks",Body care,Tarte Airbrush Finish Bamboo Foundation Brush,4,32,0.4,3.2,P3212,2,https://images-na.ssl-images-amazon.com/images/I/61S9pwAbtxL.jpg
23352,IN-2012-SV2078559-41011,2020-04-12,SV-2078559,Consumer,Surabaya,Jawa Timur,Indonesia,-0.789275,113.921327,Southeastern Asia,Asia Pacific,"bath oils, bubbles and soaks",Body care,Fenty Beauty Gloss Bomb Universal Lip Luminizer Hot Chocolit,1,8,0.47,0.24,P1013,1,https://m.media-amazon.com/images/I/51faBJAqosL.jpg
49099,MZ-2012-CS250587-41020,2020-04-21,CS-250587,Consumer,Quelimane,Zambezia,Mozambique,-18.665695,35.529562,Eastern Africa,Africa,"bath oils, bubbles and soaks",Body care,L'Oréal Paris Pure-Sugar Grapeseed Scrub,1,18,0.0,9.0,P1789,1,https://cdnp0.stackassets.com/dfa3eb0395ad2d3425823a0f12cbda900cab819f/store/7b7dbf9d2bc97663652c5294715d2cb507e104e3e1cb789a90be341c3af0/35656vos110719p3.jpg
49946,MO-2012-BD177086-40939,2020-01-31,BD-177086,Consumer,Marrakech,Marrakech-Tensift-El Haouz,Morocco,31.791702,-7.09262,North Africa,Africa,"bath oils, bubbles and soaks",Body care,Bliss Grapefruit & Aloe Hand Cream,1,28,0.0,14.0,P0208,1,https://images-na.ssl-images-amazon.com/images/I/71jxVaa0gML._SL160_.jpg
20743,IN-2012-EA1403527-40960,2020-02-21,EA-1403527,Corporate,Tangshan,Hebei,China,35.86166,104.195397,Eastern Asia,Asia Pacific,"bath oils, bubbles and soaks",Body care,BioSchwartz Melatonin,12,324,0.0,162.0,P0200,3,https://m.media-amazon.com/images/I/7145Hr4ggGL.jpg
25052,IN-2012-MT1781527-40996,2020-03-28,MT-1781527,Consumer,Chifeng,Inner Mongolia,China,35.86166,104.195397,Eastern Asia,Asia Pacific,"bath oils, bubbles and soaks",Body care,One A Day Elderberry Gummies,1,42,0.0,21.0,P2530,1,https://m.media-amazon.com/images/I/611K2I2H4OL._AC_UF10001000_QL80_.jpg
9909,MX-2012-BW1106518-41002,2020-04-03,BW-1106518,Consumer,Limeira,São Paulo,Brazil,-14.235004,-51.92528,South America,LATAM,"bath oils, bubbles and soaks",Body care,Revlon Nail Enamel Elegant Nude Beige,4,44,0.0,22.0,P2791,2,https://www.solippy.co.uk/wp-content/uploads/2023/08/Revlon-Nail-Enamel-14.7ml-380-Elegant.jpg
42174,ZA-2012-CS2460147-41040,2020-05-11,CS-2460147,Consumer,Bulawayo,Bulawayo,Zimbabwe,-19.015438,29.154857,Eastern Africa,Africa,"bath oils, bubbles and soaks",Body care,Garnier Nutrisse Ultra Color - Deep Intense Auburn,1,20,0.7,-4.0,P1102,1,https://media.douglas.at/medias/https-media-prod-eu-1.mirakl.net-SOURCE-93b79d8b8f54419ab5f299f920b44039.jpg?context=bWFzdGVyfGltYWdlc3wyNjY0NzV8aW1hZ2UvanBlZ3xhREk1TDJoaFpDODBPRGd6TmpBMU5EUTFNREl3Tmk5b2RIUndjem92TDIxbFpHbGhMWEJ5YjJRdFpYVXRNUzV0YVhKaGEyd3VibVYwTDFOUFZWSkRSUzg1TTJJM09XUTRZamhtTlRRME1UbGhZalZtTWprNVpqa3lNR0kwTkRBek9RfGMyZDY3N2I5ZTYwYzc0ZmFiODRkZjc0ZTUxMjI2OGNiMWQxYzY5N2E2YTYxZjA2NzUyZmIxMGU1ZTZiMDI5NDc&grid=true&imPolicy=grayScaled
27099,IN-2012-RE194057-41051,2020-05-22,RE-194057,Consumer,Newcastle,New South Wales,Australia,-25.274398,133.775136,Oceania,Asia Pacific,"bath oils, bubbles and soaks",Body care,NYX Hot Singles Eyeshadow Chandelier Warm Peach,1,12,0.1,4.8,P2230,1,https://cdn.notinoimg.com/social/clarins/_338081017757201-o/sos-hydra-refreshing-hydration-mask___210830.jpg
10049,US-2012-DW1348018-41000,2020-04-01,DW-1348018,Self-Employed,Limoeiro do Norte,Ceará,Brazil,-14.235004,-51.92528,South America,LATAM,"bath oils, bubbles and soaks",Body care,Revlon Colorsilk - Ultra Light Sun Blonde,2,40,0.6,-4.0,P2781,1,https://images-cdn.ubuy.co.in/635f0b29d95bdb532a708254-revlon-colorsilk-beautiful-color-05.jpg
46223,RS-2012-PG8895108-40998,2020-03-30,PG-8895108,Consumer,Yaroslavl',Yaroslavl',Russia,61.52401,105.318756,Eastern Europe,Europe,"bath oils, bubbles and soaks",Body care,Neal's Yard Remedies Aromatic Foaming Bath,1,10,0.0,5.0,P2281,1,https://www.feelunique.com/img/products/81885/alternative/Neal__039_s_Yard_Remedies_Aromatic_Foaming_Bath_200ml_1_1505985132_main.jpg
1456,MX-2012-SO2033531-41020,2020-04-21,SO-2033531,Consumer,Camagüey,Camagüey,Cuba,21.521757,-77.781167,Caribbean,LATAM,"bath oils, bubbles and soaks",Body care,OGX Hydrate & Repair Argan Oil of Morocco Conditioner,2,8,0.0,4.0,P2411,1,https://i.makeup.kz/b/bw/bwblpcwkbrgq.jpg
8291,MX-2012-QJ1925582-40949,2020-02-10,QJ-1925582,Corporate,Monclova,Coahuila,Mexico,23.634501,-102.552784,Central America,LATAM,"bath oils, bubbles and soaks",Body care,Silver Feather Earrings,2,148,0.0,74.0,P3027,1,https://www.theopal.co.uk/pub/media/catalog/product/cache/04e91a25fcd255e66ccc0280ce20a194/s/l/slerd1064_2.jpg
7084,MX-2012-PG1889551-40974,2020-03-06,PG-1889551,Consumer,Mixco,Guatemala,Guatemala,15.783471,-90.230759,Central America,LATAM,"bath oils, bubbles and soaks",Body care,CeraVe Daily Moisturizing Lotion for Normal to Dry Skin,2,50,0.0,25.0,P0420,1,https://cosmetis.com/media/catalog/product/cache/8357f3cfca25f65dc286e017d4e3bdcd/6/0/6031955-cerave_moisturizing_lotion_1l.jpg
17352,ES-2012-TB21520120-41035,2020-05-06,TB-21520120,Consumer,Alcobendas,Madrid,Spain,40.463667,-3.74922,Southern Europe,Europe,"bath oils, bubbles and soaks",Body care,BareMinerals Perfecting Face Brush,2,6,0.0,3.0,P0163,1,https://www.bareminerals.com/cdn/shop/products/77055.jpg?v=1675232007&width=500
42636,CG-2012-CL189033-41002,2020-04-03,CL-189033,Consumer,Kinshasa,Kinshasa,Congo [DRC],-4.038333,21.758664,Central Africa,Africa,"bath oils, bubbles and soaks",Body care,Too Faced Glitter Bomb Eyeshadow Palette Splash,2,32,0.0,16.0,P3328,1,https://www.makeupandbeautyblog.com/wp-content/uploads/2017/07/too-faced-glitter-bomb-palette-1.jpg
43580,RS-2012-DH3675108-41011,2020-04-12,DH-3675108,Self-Employed,Ufa,Bashkortostan,Russia,61.52401,105.318756,Eastern Europe,Europe,"bath oils, bubbles and soaks",Body care,Trapp Volcano Candle,2,36,0.0,18.0,P3361,1,https://www.candledelirium.com/media/catalog/product/v/o/volcano-blue-jumbo-jar-cb-523-vol_2.jpg
29127,ID-2012-DB1336059-40935,2020-01-27,DB-1336059,Self-Employed,Samarinda,Kalimantan Timur,Indonesia,-0.789275,113.921327,Southeastern Asia,Asia Pacific,"bath oils, bubbles and soaks",Body care,Clarins Relax Bath & Shower Concentrate,3,48,0.47,1.44,P0622,1,https://cdn.shopify.com/s/files/1/0853/1863/1748/files/Clarins-Relaxing-Bath-Shower-Concentrate-1.jpg
20995,IN-2012-JR1567027-41031,2020-05-02,JR-1567027,Consumer,Baotou,Inner Mongolia,China,35.86166,104.195397,Eastern Asia,Asia Pacific,"bath oils, bubbles and soaks",Body care,John Frieda Precision Foam Colour - Medium Natural Blonde,3,57,0.0,28.5,P1494,1,https://pics.walgreens.com/prodimg/338540/4_450.jpg
24652,IN-2012-MV1819058-40988,2020-03-20,MV-1819058,Consumer,Nellore,Andhra Pradesh,India,20.593684,78.96288,Southern Asia,Asia Pacific,"bath oils, bubbles and soaks",Body care,Aromatique Black Forest Candle,2,6,0.0,3.0,P0071,1,https://m.media-amazon.com/images/I/51TSGZZQNdL.jpg
47184,AU-2012-LR70358-40995,2020-03-27,LR-70358,Corporate,Vienna,Vienna,Austria,47.516231,14.550072,Western Europe,Europe,"bath oils, bubbles and soaks",Body care,Aveeno Clear Complexion BB Cream,15,390,0.0,195.0,P0098,4,https://blushingnoir.com/wp-content/uploads/2013/03/IMG_7440.jpg
26662,ID-2012-PB1921059-41040,2020-05-11,PB-1921059,Corporate,Medan,Sumatera Utara,Indonesia,-0.789275,113.921327,Southeastern Asia,Asia Pacific,"bath oils, bubbles and soaks",Body care,Sigma Beauty E65 Small Angle Brush,1,6,0.47,0.18,P3001,1,https://www.itcosmetics.com/dw/image/v2/AANG_PRD/on/demandware.static/-/Sites-itcosmetics-master-catalog/default/dw91200043/product-images/2019/052219/it-cosmetics-brushes-heavenly-luxe-mega-fan-brush-9.jpg
9313,MX-2012-ED1388551-40956,2020-02-17,ED-1388551,Self-Employed,Mixco,Guatemala,Guatemala,15.783471,-90.230759,Central America,LATAM,"bath oils, bubbles and soaks",Body care,Butter London Nail Lacquer Blagger Bold Blue,4,16,0.0,8.0,P0296,2,https://i.pinimg.com/736x/20/55/3b/20553bf4c795c15f427048773bae53ed.jpg
50948,IR-2012-JL583560-40992,2020-03-24,JL-583560,Consumer,Zanjan,Zanjan,Iran,32.427908,53.688046,Southern Asia,Asia Pacific,"bath oils, bubbles and soaks",Body care,John Frieda Precision Foam Colour - Dark Cool Espresso Brown,1,8,0.0,4.0,P1483,1,https://m.media-amazon.com/images/I/41gddY5JiIL._AC_.jpg
25221,IN-2012-TH211151-41003,2020-04-04,TH-211151,Corporate,Jalalabad,Nangarhar,Afghanistan,33.93911,67.709953,Southern Asia,Asia Pacific,"bath oils, bubbles and soaks",Body care,Soap & Glory Endless Glove Moisturizing Hand Cream,13,416,0.0,208.0,P3094,4,https://fiixii.co.uk/wp-content/uploads/2020/02/soap-and-glory-endless-glove-hand-cream-and-moisture-mask-review-sensitive-skin.jpg
8289,MX-2012-QJ1925582-40949,2020-02-10,QJ-1925582,Corporate,Monclova,Coahuila,Mexico,23.634501,-102.552784,Central America,LATAM,"bath oils, bubbles and soaks",Body care,Maybelline Lasting Drama Gel Eyeliner Charcoal,19,190,0.0,95.0,P2101,5,https://judiapril.com/2672-medium_default/maybelline-eyestudio-lasting-drama-gel-eyeliner.jpg
24072,IN-2012-KM1666027-40914,2020-01-06,KM-1666027,Consumer,Huadian,Jilin,China,35.86166,104.195397,Eastern Asia,Asia Pacific,"bath oils, bubbles and soaks",Body care,NARS Single Eyeshadow Sophia Cool Brown,1,11,0.0,5.5,P2210,1,https://i.pinimg.com/474x/16/83/49/168349308b31ad26c8976f7f7435f928.jpg
15546,ES-2012-FM1421548-41005,2020-04-06,FM-1421548,Corporate,Essen,North Rhine-Westphalia,Germany,51.165691,10.451526,Western Europe,Europe,"bath oils, bubbles and soaks",Body care,Clinique Turnaround Revitalizing Instant Facial,1,42,0.0,21.0,P0687,1,https://cdn.cosmostore.org/cache/front/shop/products/641/1973518/350x350.jpg
8211,MX-2012-EH1400539-41038,2020-05-09,EH-1400539,Self-Employed,San Salvador,San Salvador,El Salvador,13.794185,-88.89653,Central America,LATAM,"bath oils, bubbles and soaks",Body care,Aesop Petitgrain Reviving Body Gel,1,7,0.0,3.5,P0002,1,https://u.makeup.com.ua/r/rw/rwrplwsnemu3.jpg
38926,CA-2012-MP17470140-40997,2020-03-29,MP-174701402,Self-Employed,Brownsville,Texas,United States,37.09024,-95.712891,Central US,USCA,"bath oils, bubbles and soaks",Body care,L'Oréal Paris Colour Riche Nail Color Jet Set to Paris Bold Blue,1,3,0.2,0.9,P1692,1,https://m.media-amazon.com/images/I/71SR0PuMOzL.jpg
15002,ES-2012-NG1835591-40948,2020-02-09,NG-1835591,Corporate,Almelo,Overijssel,Netherlands,52.132633,5.291266,Western Europe,Europe,"bath oils, bubbles and soaks",Body care,Butter London Nail Lacquer Jaffa Bright Orange,6,42,0.5,0.0,P0303,2,https://www.eskinstore.com/productcart/pc/catalog/jaffa_1946_detail.jpg
36493,CA-2012-AI10855140-41038,2020-05-09,AI-108551404,Consumer,Kent,Washington,United States,37.09024,-95.712891,Western US,USCA,"bath oils, bubbles and soaks",Body care,Drunk Elephant T.L.C. Framboos Glycolic Night Serum,3,42,0.0,21.0,P0839,1,https://beautystorage.ru/upload/iblock/11a/11a8d924e6c9868e87f5475a071a5915.jpg
130,MX-2012-BT1130531-40912,2020-01-04,BT-1130531,Self-Employed,Manzanillo,Granma,Cuba,21.521757,-77.781167,Caribbean,LATAM,"bath oils, bubbles and soaks",Body care,Kiehl's Crème de Corps Smoothing Oil-to-Foam Body Cleanser,4,40,0.0,20.0,P1517,2,https://i.makeup.cy/n/ni/niph0dc8ssg8.jpg
26009,IN-2012-ES14020130-41047,2020-05-18,ES-14020130,Consumer,Bangkok,Bangkok,Thailand,15.870032,100.992541,Southeastern Asia,Asia Pacific,"bath oils, bubbles and soaks",Body care,L'Oréal Paris EverPure Sulfate-Free Moisture Conditioner,3,12,0.47,0.359999999999999,P1727,1,https://thebeautylookbook.com/wp-content/uploads/2021/07/OPI-Bubble-Bath.jpg
27974,IN-2012-JM1565588-40963,2020-02-24,JM-1565588,Corporate,Yangon,Yangon,Myanmar [Burma],21.913965,95.956223,Southeastern Asia,Asia Pacific,"bath oils, bubbles and soaks",Body care,Glamglow Brightmud Eye Treatment,16,272,0.17,89.76,P1200,4,https://cdn.cosmostore.org/cache/front/shop/products/139/336239/350x350.jpg
5638,MX-2012-JK1612082-40995,2020-03-27,JK-1612082,Self-Employed,Coyoacán,Distrito Federal,Mexico,23.634501,-102.552784,Central America,LATAM,"bath oils, bubbles and soaks",Body care,Garden of Life Glucosamine Chondroitin,4,100,0.0,50.0,P1051,2,https://d3gr7hv60ouvr1.cloudfront.net/CACHE/images/products/064fbab4c9bb4f16869b854e2ce591ca/f24f2f723b524fc79a18d4ad6459bafc.jpg
23274,IN-2012-BC111257-41021,2020-04-22,BC-111257,Self-Employed,Sydney,New South Wales,Australia,-25.274398,133.775136,Oceania,Asia Pacific,"bath oils, bubbles and soaks",Body care,Garnier Olia Bold - Smokey Blue,1,8,0.1,3.2,P1136,1,https://m.media-amazon.com/images/I/51o-SSwhrbL._SL500_.jpg
32061,CA-2012-CS12250140-40922,2020-01-14,CS-122501408,Corporate,Bossier City,Louisiana,United States,37.09024,-95.712891,Southern US,USCA,"bath oils, bubbles and soaks",Body care,WoodWick Volcano Candle,14,224,0.0,112.0,P3524,4,https://i.makeupstore.uz/t/tt/tttcwsz9qtd6.jpg
13572,IT-2012-PC19000120-41004,2020-04-05,PC-19000120,Self-Employed,Barcelona,Catalonia,Spain,40.463667,-3.74922,Southern Europe,Europe,"bath oils, bubbles and soaks",Body care,OGX Quenching + Coconut Curls Conditioner,1,26,0.0,13.0,P2418,1,https://www.myhairandbeauty.co.uk/11582-large_default/quenching-coconut-curls-conditioner.jpg
46682,IZ-2012-LW699061-40911,2020-01-03,LW-699061,Corporate,Mosul,Ninawa,Iraq,33.223191,43.679291,Western Asia,Asia Pacific,"bath oils, bubbles and soaks",Body care,Head & Shoulders Classic Clean Shampoo,20,600,0.0,300.0,P1316,5,https://i.makeup.kz/d/d8/d85oomqnyidx.jpg
42636,CG-2012-CL189033-41002,2025-07-21,DW-1348018,Consumer,Newcastle,New South Wales,Australia,23.634501,-102.552784,Central America,LATAM,bracelets,Luxury Jewelry,Diamants Lv©gers bracelet,3,45,0.0,22.5,P2020,1,https://zoom.jewelryimages.net/edge/tonerjewelers/images/edge/170-00595.jpg
43580,RS-2012-DH3675108-41011,2025-05-07,PG-8895108,Self-Employed,Limoeiro do Norte,Ceará,Brazil,15.783471,-90.230759,Central America,LATAM,rings,Luxury Jewelry,Maillon PanthvÆre wedding band,2,38,0.7,-7.6,P2187,1,https://www.thejewelleryeditor.com/media/images_thumbnails/filer_public_thumbnails/old/306395/cartier.-maillon-panthe_re-de-cartier-wedding-rings.-maillon-panthe_re-de-cartier-wedding-ring_-white-gold-paved-with-brilliant-cut-diamonds.-wedi.jpg__1536x0_q75_crop-scale_subsampling-2_upscale-false.jpg
29127,ID-2012-DB1336059-40935,2025-06-22,SO-2033531,Consumer,Yaroslavl',Yaroslavl',Russia,40.463667,-3.74922,Southern Europe,Europe,rings,Luxury Jewelry,1895 wedding band,11,275,0.47,8.25,P1826,3,https://i.ebayimg.com/images/g/zF8AAOSw-qdj0pDs/s-l1200.jpg
20995,IN-2012-JR1567027-41031,2025-07-12,QJ-1925582,Consumer,Camagüey,Camagüey,Cuba,-4.038333,21.758664,Central Africa,Africa,bracelets,Luxury Jewelry,Juste un Clou bracelet,5,615,0.4,61.5,P2860,2,https://idwx.co/cdn/shop/files/Cartier-Bracelet-_3.jpg?v=1714548249
24652,IN-2012-MV1819058-40988,2025-07-15,PG-1889551,Corporate,Monclova,Coahuila,Mexico,61.52401,105.318756,Eastern Europe,Europe,necklaces,Luxury Jewelry,"Love necklace, diamonds",7,140,0.0,70.0,P3097,2,https://a.1stdibscdn.com/cartier-love-pave-diamonds-18-karats-rose-gold-pendant-necklace-for-sale-picture-4/j_4042/j_146856221644241042313/4_master.jpg?width=768
47184,AU-2012-LR70358-40995,2025-04-13,TB-21520120,Consumer,Mixco,Guatemala,Guatemala,-0.789275,113.921327,Southeastern Asia,Asia Pacific,earrings,Luxury Jewelry,Agrafe earrings,12,252,0.0,126.0,P0846,3,https://medias.collectorsquare.com/images/products/404050/00pp-removable-cartier-agrafe-pendants-earrings-in-pink-gold-and-diamonds.jpg
26662,ID-2012-PB1921059-41040,2025-05-26,CL-189033,Consumer,Alcobendas,Madrid,Spain,35.86166,104.195397,Eastern Asia,Asia Pacific,rings,Luxury Jewelry,1895 wedding band,5,25,0.4,2.5,P1592,2,https://tobigem.co.uk/cdn/shop/files/IMG_1184_1500x1500.jpg?v=1695974158
9313,MX-2012-ED1388551-40956,2025-06-24,DH-3675108,Consumer,Kinshasa,Kinshasa,Congo [DRC],20.593684,78.96288,Southern Asia,Asia Pacific,bracelets,Luxury Jewelry,PanthvÆre de Cartier bracelet,4,48,0.5,0.0,P0987,2,https://loveluxury.co.uk/shop/wp-content/uploads/2024/05/Cartier-Yellow-Gold-Panthere-De-Cartier-Bracelet-16-1.jpg
50948,IR-2012-JL583560-40992,2025-07-11,DB-1336059,Self-Employed,Ufa,Bashkortostan,Russia,47.516231,14.550072,Western Europe,Europe,rings,Luxury Jewelry,PanthvÆre de Cartier ring,8,24,0.4,2.4,P2900,2,https://expertenzentrum.de/wp-content/uploads/2020/12/project_966031.jpg
25221,IN-2012-TH211151-41003,2025-07-18,JR-1567027,Self-Employed,Samarinda,Kalimantan Timur,Indonesia,-0.789275,113.921327,Southeastern Asia,Asia Pacific,earrings,Luxury Jewelry,Diamants Lv©gers earrings XS,4,20,0.0,10.0,P2431,2,https://i.pinimg.com/736x/bd/12/1a/bd121aaa0d022fbf73f662b3fd1f13cf.jpg
8289,MX-2012-QJ1925582-40949,2025-05-01,MV-1819058,Consumer,Baotou,Inner Mongolia,China,15.783471,-90.230759,Central America,LATAM,earrings,Luxury Jewelry,Reflection de Cartier earrings,3,144,0.0,72.0,P1053,1,https://www.cartier.com/variants/images/25458910981441560/img1/w260_tpadding12.jpg
24072,IN-2012-KM1666027-40914,2025-05-25,LR-70358,Consumer,Nellore,Andhra Pradesh,India,32.427908,53.688046,Southern Asia,Asia Pacific,bracelets,Luxury Jewelry,PanthvÆre de Cartier bracelet,9,99,0.47,2.97,P1723,3,https://www.nobeluhren-store.de/fotos/nobeluhren-store_de_full_1720.jpg
15546,ES-2012-FM1421548-41005,2025-06-30,PB-1921059,Corporate,Vienna,Vienna,Austria,33.93911,67.709953,Southern Asia,Asia Pacific,rings,Luxury Jewelry,v‚tincelle de Cartier wedding band,2,36,0.0,18.0,P1410,1,https://cdn.tatlerasia.com/asiatatler/i/sg/2021/03/22161948-cartier-trinity-2_cover_1800x1200.jpg
8211,MX-2012-EH1400539-41038,2025-07-30,ED-1388551,Corporate,Medan,Sumatera Utara,Indonesia,23.634501,-102.552784,Central America,LATAM,rings,Luxury Jewelry,1895 wedding band,18,324,0.5,0.0,P3519,5,https://i.pinimg.com/736x/2d/25/87/2d2587626f74a5582403b93736691264.jpg
38926,CA-2012-MP17470140-40997,2025-06-08,JL-583560,Self-Employed,Mixco,Guatemala,Guatemala,35.86166,104.195397,Eastern Asia,Asia Pacific,rings,Luxury Jewelry,Etincelle de Cartier ring,2,44,0.0,22.0,P0633,1,https://www.chronoland.ru/images/products/jXyQgo1iAKFjgayH1tdzCjroPCLBI28cKR7AMbfF.jpeg
15002,ES-2012-NG1835591-40948,2025-04-07,TH-211151,Consumer,Zanjan,Zanjan,Iran,51.165691,10.451526,Western Europe,Europe,rings,Luxury Jewelry,PanthvÆre de Cartier ring,7,56,0.0,28.0,P0314,2,https://luxwatch.ua/images/gallery/65970/B4074100.jpg
36493,CA-2012-AI10855140-41038,2025-06-05,QJ-1925582,Corporate,Jalalabad,Nangarhar,Afghanistan,13.794185,-88.89653,Central America,LATAM,bracelets,Luxury Jewelry,Faune et Flore de Cartier bracelet,4,44,0.0,22.0,P0053,2,https://i.pinimg.com/236x/1c/ae/de/1caede1ab125310a9e551ad556ce80ba.jpg
130,MX-2012-BT1130531-40912,2025-04-22,KM-1666027,Corporate,Monclova,Coahuila,Mexico,37.09024,-95.712891,Central US,USCA,bracelets,Luxury Jewelry,PanthvÆre de Cartier bracelet,12,420,0.0,210.0,P2404,3,https://i.pinimg.com/474x/e7/7f/2b/e77f2b04a787e39884d8ef8ab7b17f36.jpg
26009,IN-2012-ES14020130-41047,2025-06-12,FM-1421548,Consumer,Huadian,Jilin,China,52.132633,5.291266,Western Europe,Europe,rings,Luxury Jewelry,Cartier Destinv©e wedding band,5,95,0.0,47.5,P1746,2,https://www.viplombard.ru/images/products/8J2MxiJIjpTzEvpaJpVUvyEecYvnt1AK8YfIkIvM.jpg
27974,IN-2012-JM1565588-40963,2025-07-08,EH-1400539,Corporate,Essen,North Rhine-Westphalia,Germany,37.09024,-95.712891,Western US,USCA,rings,Luxury Jewelry,v‚tincelle de Cartier wedding band,5,50,0.0,25.0,P1910,2,https://aicdn.speedsize.com/0968b74d-3121-4862-ada1-18c855e99f74/storage.yandexcloud.net/cdn-prod.viled.kz/v3/original/243906WTTV4.jpeg
5638,MX-2012-JK1612082-40995,2025-07-10,MP-174701402,Self-Employed,San Salvador,San Salvador,El Salvador,21.521757,-77.781167,Caribbean,LATAM,rings,Luxury Jewelry,PanthvÆre de Cartier ring,1,7,0.4,0.7,P0379,1,https://i.pinimg.com/736x/0e/46/9f/0e469f85e8e37081a48f0e35d2ec9083.jpg
23274,IN-2012-BC111257-41021,2025-06-16,NG-1835591,Self-Employed,Brownsville,Texas,United States,15.870032,100.992541,Southeastern Asia,Asia Pacific,bracelets,Luxury Jewelry,"Diamants Lv©gers bracelet, SM",3,165,0.0,82.5,P2843,1,https://mygemma.com/cdn/shop/products/107979-bv_2f518ae4-1c8b-4ced-8b6a-0586aa7b2616_1200x.jpg?v=1608118390
32061,CA-2012-CS12250140-40922,2025-04-24,AI-108551404,Corporate,Almelo,Overijssel,Netherlands,21.913965,95.956223,Southeastern Asia,Asia Pacific,necklaces,Luxury Jewelry,"Love necklace, 6 diamonds",15,630,0.0,315.0,P2345,4,https://product-images.therealreal.com/CRT114524_1_enlarged.jpg
13572,IT-2012-PC19000120-41004,2025-06-01,BT-1130531,Consumer,Kent,Washington,United States,23.634501,-102.552784,Central America,LATAM,rings,Luxury Jewelry,Trinity wedding band,18,900,0.0,450.0,P0686,5,https://i.pinimg.com/736x/db/b6/0c/dbb60c44afbd099cc1cab1d7b9e0263b.jpg
46682,IZ-2012-LW699061-40911,2025-04-26,ES-14020130,Self-Employed,Manzanillo,Granma,Cuba,-25.274398,133.775136,Oceania,Asia Pacific,bracelets,Luxury Jewelry,"Love bracelet, SM",2,92,0.0,46.0,P2224,1,https://i.pinimg.com/736x/79/e1/f6/79e1f60a03f8c921bc20a16bc2036935.jpg
15773,US-2012-ZX9876543-41050,2025-04-19,JM-1565588,Consumer,Bangkok,Bangkok,Thailand,37.09024,-95.712891,Southern US,USCA,rings,Luxury Jewelry,PanthvÆre de Cartier ring,4,80,0.5,40.0,P9999,2,https://i.pinimg.com/736x/0e/46/9f/0e469f85e8e37081a48f0e35d2ec9083.jpg
32831,CA-2015-MP18175140-42046,2024-03-22,MP-181751404,Self-Employed,Laguna Niguel,California,United States,37.09024,-95.712891,Western US,USCA,foundations and concealers,Make up,Palmer's Vitamin E Body Butter,2,50,0.15,13.0,P2617,1,https://me.palmers.com/3063-thickbox_default/vitamin-e-body-butter.jpg
23057,IN-2013-TB21055113-41562,2021-10-15,TB-21055113,Consumer,Singapore,Singapore,Singapore,1.352083,103.819836,Southeastern Asia,Asia Pacific,Lipsticks,Make up,YSL Tatouage Couture Carmine Encounter,5,95,0.0,300.0,P3533,2,https://i.pinimg.com/474x/c5/ce/2e/c5ce2e288561db56700b4c589a6ea574.jpg
24674,IN-2015-HW1493559-42212,2023-07-27,HW-1493559,Corporate,Medan,Sumatera Utara,Indonesia,-0.789275,113.921327,Southeastern Asia,Asia Pacific,Lipsticks,Make up,CND Vinylux Weekly Polish Tango Passion Bright Purple,4,20,0.17,22.5,P0362,2,https://enails.eu/cdn/shop/products/tango_passion_3_720x.jpg?v=1658913196
43015,GH-2015-EG390049-42224,2023-08-18,EG-390049,Consumer,Accra,Greater Accra,Ghana,7.946527,-1.023194,Western Africa,Africa,Eye shadows and pencils,Make up,Maybelline Unstoppable Eyeliner Cinnabar Deep Brown,1,16,0.0,-7.6,P2114,1,https://www.maybelline.ca/-/media/project/loreal/brand-sites/mny/americas/ca/products/eye-makeup/liners/unstoppable-eyeliner/maybelline-eyeliner-unstoppable-cinnabar-041554513523-o.jpg?rev=581d40fadd9f42a8b7fab9828a0d83d0
46116,CG-2015-MH745533-42262,2023-09-15,MH-745533,Consumer,Kisangani,Orientale,Congo [DRC],-4.038333,21.758664,Central Africa,Africa,Eye shadows and pencils,Make up,NARS Larger Than Life Long-Wear Eyeliner Via Veneto Black,1,17,0.0,8.25,P2191,1,https://www.temptalia.com/wp-content/uploads/2013/10/nars_voyeurset015.jpg
16928,ES-2014-CA1277545-41774,2022-05-15,CA-1277545,Consumer,Meyzieu,Auvergne-RhÙne-Alpes,France,46.227638,2.213749,Western Europe,Europe,Lipsticks,Make up,Garnier Fructis Damage Eraser Conditioner,4,100,0.1,61.5,P1064,2,https://images.shespeaks.com/pages/img/review/14899854_10202017115657.jpg?w=227&h=227&fit=crop&auto=format
12270,ES-2013-HG1496545-41522,2021-04-16,HG-1496545,Corporate,Bagneux,Ile-de-France,France,46.227638,2.213749,Western Europe,Europe,Eye shadows and pencils,Make up,Sterling Luna Bracelet,2,40,0.0,70.0,P3146,1,https://asaboveuk.com/cdn/shop/products/Image68.jpg?v=1681900558&width=1200
24642,IN-2012-MG1820527-41195,2020-10-13,MG-1820527,Corporate,Guangzhou,Guangdong,China,35.86166,104.195397,Eastern Asia,Asia Pacific,Eye shadows and pencils,Make up,Soap & Glory Hand Food Hydrating Hand Cream,9,315,0.0,126.0,P3096,3,https://i1.perfumesclub.com/grande/158729.jpg
11247,ES-2014-KS1630048-41963,2022-11-20,KS-1630048,Corporate,Bielefeld,North Rhine-Westphalia,Germany,51.165691,10.451526,Western Europe,Europe,foundations and concealers,Make up,Pantene Pro-V Sheer Volume Shampoo,3,105,0.1,2.5,P2635,1,https://images.ctfassets.net/r9udlqyetmm3/7jvLLe3BuvVI8waJxFoIlC/aed1cac895dcf4ddab31eac3fb421d10/00080878195138_C1N1.jpg
47865,CA-2015-RD948023-42322,2023-11-14,RD-948023,Consumer,Laval,Quebec,Canada,56.130366,-106.346771,Canada,USCA,Eye shadows and pencils,Make up,Gold Whisper Chain,2,148,0.0,0.0,P1258,1,https://noliajewelry.com/cdn/shop/files/WhisperChains.jpg?v=1726031130
5851,MX-2013-AA1064518-41622,2021-12-14,AA-1064518,Consumer,Aracati,Cear·,Brazil,-14.235004,-51.92528,South America,LATAM,Eye shadows and pencils,Make up,Orly Nail Lacquer Snowcone Soft Blue,2,14,0.0,2.4,P2589,1,https://www.beyondpolish.com/cdn/shop/files/Orly-Nail-Lacquer-Snowcone-20732-Nail-Lacquer-at-Beyond-Polish.jpg?v=1714796908
1299,MX-2015-AZ1075018-42132,2023-08-15,AZ-1075018,Consumer,Vacaria,Rio Grande do Sul,Brazil,-14.235004,-51.92528,South America,LATAM,foundations and concealers,Make up,Kiehl's Micro-Blur Skin Perfector,2,46,0.0,10.0,P1533,1,https://kosmetista.ru/stuff/images/catalog/79/27/69/i_68_220.jpg
12111,ES-2014-CM11830139-41867,2022-08-16,CM-11830139,Corporate,Nottingham,England,United Kingdom,55.378051,-3.435973,Northern Europe,Europe,Eye shadows and pencils,Make up,Nivea 3-in-1 Repair Hand Cream,19,228,0.0,72.0,P2366,5,https://i.makeupstore.at/d/dc/dcfkus65to8s.jpg
48773,GV-2015-JH543052-42111,2023-04-17,JH-543052,Consumer,Nzerekore,NzÈrÈkorÈ,Guinea,9.945587,-9.696645,Western Africa,Africa,Eye shadows and pencils,Make up,NYX Slide On Glide On Pencil Glitzy Gold,2,14,0.0,2.97,P2247,1,https://m.media-amazon.com/images/I/51JK1dGq7aL.jpg
41406,CA-2013-LB673523-41450,2021-06-25,LB-673523,Consumer,Brampton,Ontario,Canada,56.130366,-106.346771,Canada,USCA,Eye shadows and pencils,Make up,Silver Echo Necklace,2,262,0.0,18.0,P3020,1,https://sugarbeebling.com/cdn/shop/files/76801_8x10_1_1800x1800.jpg?v=1724268768
24009,IN-2013-GM1445558-41486,2021-07-31,GM-1445558,Self-Employed,Hyderabad,Telangana,India,20.593684,78.96288,Southern Asia,Asia Pacific,Eye shadows and pencils,Make up,Sigma Beauty F35 Tapered Highlighter Brush,2,4,0.0,0.0,P3006,1,https://co.nice-cdn.com/upload/image/product/large/default/sigma-beauty-f35-tapered-highlighter-brush-1-st-503722-de.jpg
3072,MX-2012-VG2180531-41214,2020-01-16,VG-2180531,Corporate,Guant·namo,Guant·namo,Cuba,21.521757,-77.781167,Caribbean,LATAM,foundations and concealers,Make up,Cire Trudon Fireside Candle,5,80,0.0,22.0,P0556,2,https://www.careofcarl.at/bilder/artiklar/zoom/28174810_2.jpg?m=1733747928
14400,ES-2013-BE1133548-41627,2021-12-19,BE-1133548,Self-Employed,Berlin,Berlin,Germany,51.165691,10.451526,Western Europe,Europe,foundations and concealers,Make up,Kiehl's Richly Hydrating Scented Hand Cream,4,152,0.2,28.0,P1552,2,https://www.mirrormirrorvt.com/cdn/shop/products/3605971455728.jpg?v=1607977261
47205,NI-2015-BS175595-42074,2023-12-04,BS-175595,Consumer,Port Harcourt,Rivers,Nigeria,9.081999,8.675277,Western Africa,Africa,Eye shadows and pencils,Make up,Neutrogena Hydro Boost Gel Cream,1,13,0.7,22.0,P2321,1,https://i.makeupstore.uz/g/gk/gknant8jwjfm.jpg
45654,SY-2013-NF8475126-41454,2021-06-29,NF-8475126,Self-Employed,Ar Raqqah,Ar Raqqah,Syria,34.802075,38.996815,Western Asia,Asia Pacific,Eye shadows and pencils,Make up,Molton Brown Smell of Spring Spray,2,30,0.0,210.0,P2144,1,https://media.gq-magazine.co.uk/photos/60a2422ec6aa32a852025cca/16:9/w_2560%2Cc_limit/GQxMolton%2520Brown_CMS_Hero.jpg
27612,IN-2014-PL1892588-41871,2022-08-20,PL-1892588,Self-Employed,Yangon,Yangon,Myanmar [Burma],21.913965,95.956223,Southeastern Asia,Asia Pacific,Lipsticks,Make up,Maybelline Color Sensational Eyeshadow Purple Smoke,3,21,0.17,47.5,P2080,1,https://m.media-amazon.com/images/I/519wa1daNtL._AC_.jpg
23022,IN-2012-JK160907-41159,2020-07-26,JK-160907,Consumer,Gold Coast,Queensland,Australia,-25.274398,133.775136,Oceania,Asia Pacific,foundations and concealers,Make up,Boy Smells Smell of Spring Spray,3,54,0.1,25.0,P0253,1,"https://images-na.ssl-images-amazon.com/images/I/61P50hbE9BL._AC_UL495_SR435,495_.jpg"
2207,MX-2014-SW2075582-41926,2022-10-14,SW-2075582,Corporate,Tuxtla GutiÈrrez,Chiapas,Mexico,23.634501,-102.552784,Central America,LATAM,foundations and concealers,Make up,L'OrÈal Paris Excellence Creme - Medium Auburn Brown,1,19,0.2,0.7,P1746,1,"https://www.lorealparis.ca/-/media/project/loreal/brand-sites/oap/americas/ca/products/hair-colour/excellence-cream/general/packshots/2022-09/065338045659-excellence_shade_f_topview.png,1000_QL80_.jpg"
50115,CG-2015-JS568533-42227,2023-12-09,JS-568533,Corporate,Uvira,South Kivu,Congo [DRC],-4.038333,21.758664,Central Africa,Africa,Eye shadows and pencils,Make up,Dr Hauschka Lemon Lemongrass Vitalising Bath Essence,15,225,0.0,82.5,P0818,4,https://cdn.dr.hauschka.com/images/new_zealand/en/products/fullsize/lemon-lemongrass-vitalising-bath.jpg
23814,IN-2015-EM141407-42171,2023-06-16,EM-141407,Self-Employed,Sydney,New South Wales,Australia,-25.274398,133.775136,Oceania,Asia Pacific,Eye shadows and pencils,Make up,LancÙme L'Absolu Rouge Drama Matte Red Hot,4,56,0.1,315.0,P1883,2,https://www.lancome.ca/dw/image/v2/AATL_PRD/on/demandware.static/-/Sites-lancome-master-catalog/default/dw881b57f3/2021/PRODUCT/A01906LAC/New%20Folder/lan_dmi_makl_lar-drama-matte-r21-french-touch-196_3614273308304_packshot-front-with-shadow_1.1_vi.jpg
43850,SA-2015-AR825110-42249,2023-02-16,AR-825110,Corporate,Riyadh,Ar Riyad,Saudi Arabia,23.885942,45.079162,Western Asia,Asia Pacific,Eye shadows and pencils,Make up,CND Vinylux Weekly Polish Hot Pop Pink Bright Pink,20,180,0.0,450.0,P0350,5,https://lovecnd.com/cdn/shop/files/Croptemplatecopy_74ad10a2-ce00-4b4e-b0b0-e3989e6e1315.jpg?v=1747214770
867,MX-2012-BD1150093-41041,2021-01-14,BD-1150093,Consumer,Chinandega,Chinandega,Nicaragua,12.865416,-85.207229,Central America,LATAM,"bath oils, bubbles and soaks",Body care,Maison Margiela Feu de Bois Candle,3,45,0.0,46.0,P2020,1,https://caitlinwilson.com/cdn/shop/files/L_Esprit.jpg?v=1719593432&width=2000
43522,KZ-2012-JM553568-41023,2020-04-24,JM-553568,Consumer,Astana,Astana,Kazakhstan,48.019573,66.923684,Central Asia,Asia Pacific,"bath oils, bubbles and soaks",Body care,NARS Larger Than Life Long-Wear Eyeliner Barrow Street Seafoam Green,2,38,0.7,40.0,P2187,1,https://www.temptalia.com/wp-content/uploads/2013/04/nars_barrowstreet003.jpg
22774,ID-2012-MP1796559-40936,2020-01-28,MP-1796559,Corporate,Semarang,Jawa Tengah,Indonesia,-0.789275,113.921327,Southeastern Asia,Asia Pacific,"bath oils, bubbles and soaks",Body care,La Mer The Hand Treatment,11,275,0.47,88.0,P1826,3,https://hicos4u.com/wp-content/uploads/2023/05/la-mer-the-hand-treatment-100ml_14789741_44907245_2048.jpg
